{
  "awards": "",
  "aliases": "",
  "effects": "happy, euphoric, creative, energetic",
  "flavors": "earthy, citrus, sweet, spicy",
  "medical": "stress relief, depression, fatigue",
  "terpenes": {
    "pinene": "Present",
    "myrcene": "Present",
    "ocimene": "Present",
    "humulene": "Present",
    "limonene": "Dominant",
    "linalool": "Present",
    "terpinolene": "Present",
    "caryophyllene": "Present"
  },
  "grow_info": {
    "yield": "Medium",
    "height": "Tall",
    "difficulty": "Moderate",
    "flowering_weeks": null
  },
  "description": "Haze is a classic sativa strain known for its uplifting effects and distinct flavor profile.",
  "strain_name": "Haze",
  "rating_count": 0,
  "cbd_percentage": null,
  "cbg_percentage": null,
  "rating_average": null,
  "thc_percentage": null,
  "lineage_parents": "Unknown",
  "strain_classification": "Sativa"
}