{
  "url": "https://www.leafly.com/strains/ace-killer-og",
  "name": "Ace Killer OG",
  "awards": [],
  "effects": [
    "Sleepy",
    "Relaxed",
    "Euphoric"
  ],
  "flavors": [
    "Diesel",
    "Pine",
    "Earthy"
  ],
  "lineage": [
    "White Fire OG",
    "King’s Kush",
    "Kosher Kush",
    "mystery strain"
  ],
  "medical": [
    "Stress",
    "Pain",
    "Insomnia"
  ],
  "terpenes": [],
  "grow_info": {
    "yield": "",
    "height": "",
    "difficulty": "null",
    "flowering_time_weeks": null
  },
  "cbd_percent": null,
  "description": "Ace Killer OG is an indica strain that boasts a high THC content and a pungent diesel aroma. Bred from White Fire OG, King’s Kush, Kosher Kush, and a mystery strain, Ace Killer OG inherits a heavy blanket of snow-like resin and hard-hitting effects that can stupefy even the most seasoned veteran.",
  "thc_percent": null,
  "rating_count": 53,
  "average_rating": 4.8,
  "classification": "Indica"
}