{
  "awards": "",
  "aliases": "",
  "effects": "Relaxed, Happy, Euphoric",
  "flavors": "Sweet, Earthy, Vanilla",
  "medical": "Stress, Pain, Insomnia",
  "terpenes": {
    "pinene": "Present",
    "myrcene": "Dominant",
    "ocimene": "Present",
    "humulene": "Present",
    "limonene": "Present",
    "linalool": "Present",
    "terpinolene": "Present",
    "caryophyllene": "Present"
  },
  "grow_info": {
    "yield": "Medium",
    "height": "Medium",
    "difficulty": "Moderate",
    "flowering_weeks": 8
  },
  "description": "Afghan Cake is a hybrid strain known for its sweet vanilla flavor and relaxing effects.",
  "strain_name": "Afghan Cake",
  "rating_count": 120,
  "cbd_percentage": 0.1,
  "cbg_percentage": 0.5,
  "rating_average": 4.5,
  "thc_percentage": 22,
  "lineage_parents": "Afghan x Cake",
  "strain_classification": "Hybrid"
}