{
  "url": "https://www.leafly.com/strains/alien-gorilla",
  "name": "Alien Gorilla",
  "awards": [],
  "effects": [
    "Energetic",
    "Creative",
    "Happy"
  ],
  "flavors": [
    "Diesel",
    "Pine",
    "Earthy"
  ],
  "lineage": [
    "Gorilla Runtz",
    "Alien Technology"
  ],
  "medical": [
    "Depression",
    "Anxiety",
    "Muscle spasms"
  ],
  "terpenes": [],
  "grow_info": {
    "yield": "medium",
    "height": "medium",
    "difficulty": "moderate",
    "flowering_time_weeks": null
  },
  "cbd_percent": null,
  "description": "Alien Gorilla is a hybrid weed strain made from a genetic cross between Gorilla Runtz and Alien Technology. This strain is 30% sativa and 70% indica. Alien Gorilla is 28% THC, making this strain an ideal choice for experienced cannabis consumers. Bred by unknown breeders, the average price of Alien Gorilla typically ranges from $10-$15 per gram. We are still learning about Alien Gorilla’s effects, flavors, and medical uses.",
  "thc_percent": 28,
  "rating_count": 4,
  "average_rating": 4.8,
  "classification": "Hybrid"
}