{
  "url": "https://www.leafly.com/strains/amnesia-haze",
  "name": "Amnesia Haze",
  "awards": [
    "1st place 2004",
    "1st place Sativa Cup 2012"
  ],
  "effects": [
    "Giggly",
    "Euphoric",
    "Happy"
  ],
  "flavors": [
    "Citrus",
    "Lemon",
    "Lime"
  ],
  "lineage": [
    "Haze",
    "Afghani"
  ],
  "medical": [
    "Stress",
    "Depression",
    "Anxiety"
  ],
  "terpenes": [
    "Myrcene",
    "Caryophyllene",
    "Limonene"
  ],
  "grow_info": {
    "yield": "medium",
    "height": "tall",
    "difficulty": "easy",
    "flowering_time_weeks": "7 - 9"
  },
  "cbd_percent": null,
  "description": "With earthy flavors of lemons and citrus, Amnesia Haze is the perfect sativa strain to start your day with a smile. The uplifting, energetic buzz is one you won’t soon forget. Its genetics have been traced back to the South Asian and Jamaican landrace strains, and this Cannabis Cup winner (1st place 2004, 1st place Sativa Cup 2012) has since been popularized in the coffee shops of Amsterdam.",
  "thc_percent": 19,
  "rating_count": 1751,
  "average_rating": 4.3,
  "classification": "Sativa"
}