{
  "url": "https://www.leafly.com/strains/animal-mint-cake",
  "name": "Animal Mint Cake",
  "awards": [],
  "effects": [
    "tingly",
    "happy",
    "focused"
  ],
  "flavors": [
    "blue cheese",
    "mint",
    "pepper"
  ],
  "lineage": [
    "Animal Cookies",
    "Wedding Cake"
  ],
  "medical": [
    "anxiety",
    "depression",
    "nausea"
  ],
  "terpenes": [
    "caryophyllene",
    "limonene",
    "linalool"
  ],
  "grow_info": {
    "yield": "medium",
    "height": "medium",
    "difficulty": "moderate",
    "flowering_time_weeks": null
  },
  "cbd_percent": null,
  "description": "Animal Mint Cake is a hybrid weed strain made from a genetic cross between Animal Cookies and Wedding Cake. Animal Mint Cake is 31% THC and 1% CBG, making this strain an ideal choice for experienced cannabis consumers. Leafly customers tell us Animal Mint Cake effects include tingly, euphoric, and talkative. Medical marijuana patients often choose Animal Mint Cake when dealing with symptoms associated with pain, anxiety, and stress. Bred by Seed Junky Genetics, Animal Mint Cake features flavors like mint, vanilla, and blue cheese. The dominant terpene of this strain is limonene.",
  "thc_percent": 31,
  "rating_count": 20,
  "average_rating": 4.7,
  "classification": "Hybrid"
}