{
  "url": "https://www.leafly.com/strains/apple-sundae",
  "name": "Apple Sundae",
  "awards": [],
  "effects": [
    "uplifted",
    "energetic",
    "happy"
  ],
  "flavors": [
    "pear",
    "apple",
    "butter"
  ],
  "lineage": [
    "Apple Juice",
    "Sundae Driver"
  ],
  "medical": [
    "anxiety",
    "depression",
    "stress"
  ],
  "terpenes": [
    "limonene",
    "myrcene",
    "caryophyllene"
  ],
  "grow_info": {
    "yield": "medium",
    "height": "medium",
    "difficulty": "moderate",
    "flowering_time_weeks": null
  },
  "cbd_percent": 0,
  "description": "Apple Sundae is a hybrid weed strain made by crossing Apple Juice with Sundae Driver. The effects of Apple Sundae are believed to be euphoric and relaxing. Reviewers on Leafly say this strain makes them feel uplifted, giggly and energetic. Apple Sundae has 22% THC. The dominant terpene is pinene, with a profile that emits a sour, fruity aroma and a taste akin to buttery apples. Medical marijuana patients say they buy Apple Sundae during episodes of chronic fatigue, depression, and eye pressure. The original breeder of Apple Sundae is Cannarado Genetics.",
  "thc_percent": 22,
  "rating_count": 40,
  "average_rating": 4.5,
  "classification": "Hybrid"
}