{
  "url": "https://www.leafly.com/strains/berry-bliss",
  "name": "Berry Bliss",
  "awards": [],
  "effects": [
    "Euphoric",
    "Creative",
    "Happy"
  ],
  "flavors": [
    "Berry",
    "Diesel",
    "Sweet"
  ],
  "lineage": [
    "GMO (Garlic Cookies)",
    "Grape Pie"
  ],
  "medical": [
    "Pain",
    "PTSD",
    "Cramps"
  ],
  "terpenes": [
    "Caryophyllene",
    "Limonene",
    "Pinene"
  ],
  "grow_info": {
    "yield": "medium",
    "height": "medium",
    "difficulty": "moderate",
    "flowering_time_weeks": null
  },
  "cbd_percent": 0,
  "description": "Berry Bliss is an indica-dominant hybrid weed strain made from a genetic cross between GMO (Garlic Cookies) and Grape Pie. This strain is 80% indica and 20% sativa. Berry Bliss is a fruity strain with heavy diesel undertones that will make you feel delightfully calm and relaxed. This strain is 12% THC, making this strain an ideal choice for experienced cannabis consumers. Leafly customers tell us Berry Bliss effects include feeling happy, sleepy, and hungry. Medical marijuana patients often choose Berry Bliss when dealing with symptoms associated with anxiety, depression, and chronic pain. Bred by Sundial Cannabis, a Canadian company that believes in health, happiness and personal well-being, Berry Bliss features flavors like berry, skunky, and sweet. The dominant terpene of this strain is caryophyllene. The average price of Berry Bliss typically ranges from $8-$12 per gram. Berry Bliss is a soothing strain that will make you feel like you are in a tropical paradise. One hit and you are in bliss!",
  "thc_percent": 12,
  "rating_count": 8,
  "average_rating": 4.6,
  "classification": "Hybrid"
}