{
  "url": "https://www.leafly.com/strains/blackberry-pie",
  "name": "Blackberry Pie",
  "awards": [],
  "effects": [
    "Creative",
    "Hungry",
    "Euphoric"
  ],
  "flavors": [
    "Blueberry",
    "Berry",
    "Grape"
  ],
  "lineage": [
    "Blackberry Widow",
    "Crystal Locomotive"
  ],
  "medical": [
    "Pain",
    "Cramps",
    "Inflammation"
  ],
  "terpenes": [
    "Myrcene",
    "Pinene",
    "Caryophyllene"
  ],
  "grow_info": {
    "yield": "medium",
    "height": "medium",
    "difficulty": "easy",
    "flowering_time_weeks": null
  },
  "cbd_percent": null,
  "description": "Blackberry Pie is a hybrid cross of Jojorizo’s Blackberry Widow and a Crystal Locomotive created by Gage Green Genetics. This hybrid is easy to grow and all phenotypes present the potency and high resin content you would expect given its White Widow and Trainwreck heritage. A beautiful and aromatic plant featuring flowers with deep purple hues and ample trichomes, Blackberry Pie offers a nice blend of heady euphoria with a medicinal body high.",
  "thc_percent": 26,
  "rating_count": 26,
  "average_rating": 4.6,
  "classification": "Hybrid"
}