{
  "awards": "",
  "aliases": "",
  "effects": "relaxed,happy,sleepy",
  "flavors": "grape,berry,sweet",
  "medical": "stress relief,pain relief,insomnia",
  "terpenes": {
    "pinene": "Present",
    "myrcene": "Dominant",
    "ocimene": "Present",
    "humulene": "Present",
    "limonene": "Present",
    "linalool": "Present",
    "terpinolene": "Present",
    "caryophyllene": "Present"
  },
  "grow_info": {
    "yield": "Medium",
    "height": "Medium",
    "difficulty": "Moderate",
    "flowering_weeks": 8
  },
  "description": "Black Urkle is a potent indica strain known for its relaxing effects and sweet, fruity flavors.",
  "strain_name": "Black Urkle",
  "rating_count": 100,
  "cbd_percentage": 0.1,
  "cbg_percentage": 0.5,
  "rating_average": 4.5,
  "thc_percentage": 20,
  "lineage_parents": "Purple Urkle x Black Domina",
  "strain_classification": "Indica"
}