{
  "awards": "",
  "aliases": "",
  "effects": "relaxed,happy,euphoric",
  "flavors": "sweet,earthy",
  "medical": "stress relief,pain relief",
  "terpenes": {
    "pinene": "Present",
    "myrcene": "Dominant",
    "ocimene": "Present",
    "humulene": "Present",
    "limonene": "Present",
    "linalool": "Present",
    "terpinolene": "Present",
    "caryophyllene": "Present"
  },
  "grow_info": {
    "yield": "Medium",
    "height": "Medium",
    "difficulty": "Moderate",
    "flowering_weeks": 8
  },
  "description": "Black Cookies and Cream is a hybrid strain known for its sweet and earthy flavors, providing a relaxing and euphoric experience.",
  "strain_name": "Black Cookies and Cream",
  "rating_count": 0,
  "cbd_percentage": null,
  "cbg_percentage": null,
  "rating_average": null,
  "thc_percentage": null,
  "lineage_parents": "Black Cookies x Cookies and Cream",
  "strain_classification": "Hybrid"
}