{
  "awards": "",
  "aliases": "",
  "effects": "relaxed,happy,euphoric",
  "flavors": "sweet,earthy,spicy",
  "medical": "stress relief,pain relief,insomnia",
  "terpenes": {
    "pinene": "Present",
    "myrcene": "Dominant",
    "ocimene": "Present",
    "humulene": "Present",
    "limonene": "Present",
    "linalool": "Present",
    "terpinolene": "Present",
    "caryophyllene": "Present"
  },
  "grow_info": {
    "yield": "Medium",
    "height": "Medium",
    "difficulty": "Moderate",
    "flowering_weeks": 8
  },
  "description": "Black Do-Si-Dos is a potent hybrid strain known for its sweet and earthy flavors, providing a relaxing and euphoric experience.",
  "strain_name": "Black Do-Si-Dos",
  "rating_count": 150,
  "cbd_percentage": 0.1,
  "cbg_percentage": 0.5,
  "rating_average": 4.5,
  "thc_percentage": 27,
  "lineage_parents": "Do-Si-Dos x Black Domina",
  "strain_classification": "Hybrid"
}