{
  "awards": "",
  "aliases": "",
  "effects": "relaxed,happy,euphoric",
  "flavors": "sweet,earthy,berry",
  "medical": "stress relief,pain relief,insomnia",
  "terpenes": {
    "pinene": "Present",
    "myrcene": "Dominant",
    "ocimene": "Present",
    "humulene": "Present",
    "limonene": "Present",
    "linalool": "Present",
    "terpinolene": "Present",
    "caryophyllene": "Present"
  },
  "grow_info": {
    "yield": "Medium",
    "height": "Medium",
    "difficulty": "Moderate",
    "flowering_weeks": 8
  },
  "description": "Blue Hindu Kush is a potent indica strain known for its relaxing effects and sweet, earthy flavors.",
  "strain_name": "Blue Hindu Kush",
  "rating_count": 120,
  "cbd_percentage": 0.5,
  "cbg_percentage": 0.1,
  "rating_average": 4.5,
  "thc_percentage": 20,
  "lineage_parents": "Hindu Kush x Blueberry",
  "strain_classification": "Indica"
}