{
  "url": "https://www.leafly.com/strains/blue-ice",
  "name": "Blue Ice",
  "awards": [],
  "effects": [
    "Euphoric",
    "Energetic",
    "Giggly"
  ],
  "flavors": [
    "Blueberry",
    "Vanilla",
    "Lime"
  ],
  "lineage": [],
  "medical": [
    "Anxiety",
    "Arthritis",
    "Bipolar disorder"
  ],
  "terpenes": [
    "Caryophyllene",
    "Pinene",
    "Limonene"
  ],
  "grow_info": {
    "yield": "medium",
    "height": "medium",
    "difficulty": "moderate",
    "flowering_time_weeks": null
  },
  "cbd_percent": null,
  "description": "Blue Ice is a hybrid weed strain. Reviewers on Leafly say this strain makes them feel euphoric, energetic, and giggly. Blue Ice has 20% THC and 1% CBG. The dominant terpene in this strain is caryophyllene.",
  "thc_percent": 20,
  "rating_count": 18,
  "average_rating": 4.6,
  "classification": "Hybrid"
}