{
  "awards": "",
  "aliases": "",
  "effects": "Relaxed, Happy, Euphoric, Uplifted",
  "flavors": "Sweet, Earthy, Pine, Berry",
  "medical": "Stress, Pain, Insomnia, Depression",
  "terpenes": {
    "pinene": "Present",
    "myrcene": "Dominant",
    "ocimene": "Present",
    "humulene": "Present",
    "limonene": "Present",
    "linalool": "Present",
    "terpinolene": "Present",
    "caryophyllene": "Present"
  },
  "grow_info": {
    "yield": "Medium",
    "height": "Medium",
    "difficulty": "Moderate",
    "flowering_weeks": 8
  },
  "description": "Blue Glue is a hybrid strain that combines the sweet and fruity flavors of Blueberry with the potent effects of Gorilla Glue #4, making it a favorite among users looking for relaxation and euphoria.",
  "strain_name": "Blue Glue",
  "rating_count": 150,
  "cbd_percentage": 0.1,
  "cbg_percentage": 0.5,
  "rating_average": 4.5,
  "thc_percentage": 24,
  "lineage_parents": "Blueberry, Gorilla Glue #4",
  "strain_classification": "Hybrid"
}