{
  "url": "https://www.leafly.com/strains/blueberry-cookies",
  "name": "Blueberry Cookies",
  "awards": [],
  "effects": [
    "Tingly",
    "Relaxed",
    "Euphoric"
  ],
  "flavors": [
    "Nutty",
    "Blueberry",
    "Mint"
  ],
  "lineage": [
    "Blueberry Tahoe",
    "Thin Mint GSC (f.k.a. Girl Scout Cookies)"
  ],
  "medical": [
    "Stress",
    "Anxiety",
    "Pain"
  ],
  "terpenes": [
    "Myrcene",
    "Pinene",
    "Caryophyllene"
  ],
  "grow_info": {
    "yield": "medium",
    "height": "medium",
    "difficulty": "moderate",
    "flowering_time_weeks": null
  },
  "cbd_percent": 0,
  "description": "Blueberry Cookies is an indica-dominant hybrid created by crossing Blueberry Tahoe and Thin Mint GSC (f.k.a. Girl Scout Cookies). This strain’s unique flavor is a mixture of roasted nuts, mint, and fresh blueberries, while the bouquet provides an earthier, berry-forward aroma. Blueberry Cookies tends to hit the consumer in the body with mid-level sedative effects that are relaxing without being cumbersome. The mental state is often heady and creative, offering a distraction from stress. Blueberry Cookies is often recommended for consumers contending with chronic pain, inflammation, and depression.",
  "thc_percent": 16,
  "rating_count": 192,
  "average_rating": 4.6,
  "classification": "Hybrid"
}