{
  "awards": "",
  "aliases": "",
  "effects": "Relaxed, Happy, Euphoric, Uplifted",
  "flavors": "Earthy, Sweet, Pine, Berry",
  "medical": "Stress, Pain, Depression, Insomnia",
  "terpenes": {
    "pinene": "Present",
    "myrcene": "Dominant",
    "ocimene": "Present",
    "humulene": "Present",
    "limonene": "Present",
    "linalool": "Present",
    "terpinolene": "Present",
    "caryophyllene": "Present"
  },
  "grow_info": {
    "yield": "High",
    "height": "Medium",
    "difficulty": "Moderate",
    "flowering_weeks": 8
  },
  "description": "Blue Gorilla Glue is a hybrid strain known for its potent effects and sweet, earthy flavors.",
  "strain_name": "Blue Gorilla Glue",
  "rating_count": 120,
  "cbd_percentage": 0.1,
  "cbg_percentage": 0.5,
  "rating_average": 4.5,
  "thc_percentage": 25,
  "lineage_parents": "Gorilla Glue #4, Blueberry",
  "strain_classification": "Hybrid"
}