{
  "url": "https://www.leafly.com/strains/brains-damage",
  "name": "Brains Damage",
  "awards": [],
  "effects": [
    "Sleepy",
    "Hungry",
    "Happy"
  ],
  "flavors": [
    "Diesel",
    "Earthy",
    "Blueberry"
  ],
  "lineage": [
    "Acapulco Mexican",
    "Mango",
    "Hawaiian",
    "KC 636"
  ],
  "medical": [
    "Insomnia",
    "Stress",
    "Lack of appetite"
  ],
  "terpenes": [],
  "grow_info": {
    "yield": "medium",
    "height": "medium",
    "difficulty": "moderate",
    "flowering_time_weeks": 8
  },
  "cbd_percent": null,
  "description": "Bred by KC Brains in Holland, Brains Damage is a hybrid cross between Acapulco Mexican, Mango, Hawaiian, and KC 636. A fusion of sweet fruit and earthy hash radiate from the buds, with cerebrally-focused effects best described as mellow and relaxed. A subtle, energizing kick hints at this strain’s genetics, which lean toward the sativa side of the spectrum. Though originally intended for an end-of-September harvest in outdoor gardens, Brains Damage also does fairly well indoors with an 8 to 10 week flowering period.",
  "thc_percent": 20,
  "rating_count": 32,
  "average_rating": 4.6,
  "classification": "Indica"
}