{
  "awards": "",
  "aliases": "",
  "effects": "Relaxed, Happy, Euphoric, Uplifted",
  "flavors": "Sweet, Earthy, Spicy, Herbal",
  "medical": "Stress, Pain, Insomnia, Depression",
  "terpenes": {
    "pinene": "Present",
    "myrcene": "Dominant",
    "ocimene": "Present",
    "humulene": "Present",
    "limonene": "Present",
    "linalool": "Present",
    "terpinolene": "Present",
    "caryophyllene": "Present"
  },
  "grow_info": {
    "yield": "Medium",
    "height": "Medium",
    "difficulty": "Moderate",
    "flowering_weeks": 8
  },
  "description": "Bubba Cookies is a hybrid strain that combines the relaxing effects of Bubba Kush with the uplifting qualities of Girl Scout Cookies, making it a favorite for both recreational and medicinal users.",
  "strain_name": "Bubba Cookies",
  "rating_count": 150,
  "cbd_percentage": 0.1,
  "cbg_percentage": 0.5,
  "rating_average": 4.5,
  "thc_percentage": 22,
  "lineage_parents": "Bubba Kush, Girl Scout Cookies",
  "strain_classification": "Hybrid"
}