{
  "url": "https://www.leafly.com/strains/bubblegum-gelato",
  "name": "Bubblegum Gelato",
  "awards": [],
  "effects": [
    "Relaxed",
    "Talkative",
    "Happy"
  ],
  "flavors": [
    "Earthy",
    "Sweet",
    "Berry"
  ],
  "lineage": [
    "Gelato #45",
    "Indiana Bubblegum"
  ],
  "medical": [
    "Anxiety",
    "Stress",
    "Depression"
  ],
  "terpenes": [
    "Pinene",
    "Caryophyllene",
    "Linalool"
  ],
  "grow_info": {
    "yield": "medium",
    "height": "medium",
    "difficulty": "moderate",
    "flowering_time_weeks": null
  },
  "cbd_percent": null,
  "description": "Commonly called BG Gelato, Bubblegum Gelato is a indica-leaning hybrid weed strain that crosses the enshrined classic of Gelato #45 with the mysterious Indiana Bubblegum. Bubblegum Gelato is 18% THC, making this strain an ideal choice for beginner cannabis consumers. Leafly customers tell us Bubblegum Gelato effects are relaxing, uplifting, and hunger inducing. Medical marijuana patients often choose Bubblegum Gelato when dealing with symptoms associated with fatigue, arthritis, and stress. Bred by Backpack Boyz, Bubblegum Gelato features a fruity and earthy aroma with a sweet cherry flavor. The dominant terpene of this strain is Myrcene.",
  "thc_percent": 18,
  "rating_count": 69,
  "average_rating": 4.5,
  "classification": "Indica"
}