{
  "awards": "",
  "aliases": "",
  "effects": "Relaxed, Happy, Euphoric",
  "flavors": "Earthy, Sweet, Diesel",
  "medical": "Stress, Pain, Insomnia",
  "terpenes": {
    "pinene": "Present",
    "myrcene": "Dominant",
    "ocimene": "Present",
    "humulene": "Present",
    "limonene": "Present",
    "linalool": "Present",
    "terpinolene": "Present",
    "caryophyllene": "Present"
  },
  "grow_info": {
    "yield": "Medium",
    "height": "Medium",
    "difficulty": "Moderate",
    "flowering_weeks": 8
  },
  "description": "Bubba Diesel is a hybrid strain that combines the relaxing effects of Bubba Kush with the uplifting qualities of Sour Diesel.",
  "strain_name": "Bubba Diesel",
  "rating_count": 150,
  "cbd_percentage": 0.1,
  "cbg_percentage": 0.5,
  "rating_average": 4.5,
  "thc_percentage": 20,
  "lineage_parents": "Bubba Kush x Sour Diesel",
  "strain_classification": "Hybrid"
}