{
  "url": "https://www.leafly.com/strains/butterstuff",
  "name": "Butterstuff",
  "awards": [],
  "effects": [
    "Tingly",
    "Relaxed",
    "Giggly"
  ],
  "flavors": [
    "Butter",
    "Nutty",
    "Chestnut"
  ],
  "lineage": [
    "Peanut Butter Breath",
    "Velvet Glove"
  ],
  "medical": [
    "Anxiety",
    "Depression",
    "Stress"
  ],
  "terpenes": [
    "Earthy",
    "Nutty",
    "Diesel",
    "Funk"
  ],
  "grow_info": {
    "yield": "medium",
    "height": "medium",
    "difficulty": "moderate",
    "flowering_time_weeks": null
  },
  "cbd_percent": null,
  "description": "Butterstuff is a new, mouth-watering hybrid weed strain made for the modern connoisseur. This cross of Velvet Glove and Peanut Butter Breath bred by TeamingWithTerps is part of their “Butter line” to combine the best of classic flavors for a new generation of tastes. Butterstuff has gorgeous, multicolored buds of dark purple, bright green and silvery calyxes that emit a layered aroma of earthy, nutty, diesel and funk notes.",
  "thc_percent": 32,
  "rating_count": 70,
  "average_rating": 4.7,
  "classification": "Hybrid"
}