{
  "url": "https://www.leafly.com/strains/cake-pop",
  "name": "Cake Pop",
  "awards": [],
  "effects": [
    "giggly",
    "relaxed",
    "happy"
  ],
  "flavors": [
    "sage",
    "ammonia",
    "butter"
  ],
  "lineage": [
    "Birthday Cake",
    "Fire OG"
  ],
  "medical": [
    "anxiety",
    "depression",
    "arthritis"
  ],
  "terpenes": [
    "caryophyllene"
  ],
  "grow_info": {
    "yield": "medium",
    "height": "medium",
    "difficulty": "moderate",
    "flowering_time_weeks": null
  },
  "cbd_percent": null,
  "description": "Cake Pop is an indica-dominant weed strain made from a genetic cross between Birthday Cake and Fire OG. Cake Pop is 25% THC, making this strain an ideal choice for experienced cannabis consumers. Leafly customers tell us Cake Pop effects include giggly, relaxed, and happy. Medical marijuana patients often choose Cake Pop when dealing with symptoms associated with pain, depression, and anxiety. Bred by Clearwater Genetics, Cake Pop features flavors like sage, ammonia, and butter. The dominant terpene of this strain is caryophyllene.",
  "thc_percent": 25,
  "rating_count": 41,
  "average_rating": 4.7,
  "classification": "Hybrid"
}