{
  "url": "https://www.leafly.com/strains/caribbean-chocolate",
  "name": "Caribbean Chocolate",
  "awards": [
    "Open Flower Category at the 2023 NorthWest Leaf Cup"
  ],
  "effects": [
    "Creative",
    "Euphoric",
    "Focused"
  ],
  "flavors": [
    "sweet",
    "savory",
    "cocoa",
    "fruit"
  ],
  "lineage": [
    "GSC",
    "Passion Fruit Haze",
    "Jamaican Chocolate"
  ],
  "medical": [
    "Depression",
    "Fatigue",
    "Anxiety"
  ],
  "terpenes": [],
  "grow_info": {
    "yield": "null",
    "height": "null",
    "difficulty": "null",
    "flowering_time_weeks": null
  },
  "cbd_percent": null,
  "description": "This cannabis strain will satisfy your chocolate cravings. Caribbean Chocolate is a 2022 hybrid strain bred by Dewey Cannabis to capture the taste and euphoria of your favorite chocolate bar melting on your tongue. It comes from a genetic cross of GSC x Passion Fruit Haze x Jamaican Chocolate, and emits a spectrum of sweet and savory cocoa and fruit terps. Its chunky buds would be right at home in the Wonka factory, with a blend of green, purple and orange shades layered with golden trichomes. Its potency and standout terpene profile helped it nab victory in the Open Flower Category at the 2023 NorthWest Leaf Cup.",
  "thc_percent": null,
  "rating_count": 1,
  "average_rating": 5,
  "classification": "Hybrid"
}