{
  "awards": "",
  "aliases": "",
  "effects": "happy, relaxed, uplifted",
  "flavors": "citrus, earthy, sweet",
  "medical": "stress, anxiety, pain",
  "terpenes": {
    "pinene": "Present",
    "myrcene": "Present",
    "ocimene": "Present",
    "humulene": "Present",
    "limonene": "Dominant",
    "linalool": "Present",
    "terpinolene": "Present",
    "caryophyllene": "Present"
  },
  "grow_info": {
    "yield": "Medium",
    "height": "Medium",
    "difficulty": "Moderate",
    "flowering_weeks": null
  },
  "description": "",
  "strain_name": "Charlotte's Web Haze",
  "rating_count": 0,
  "cbd_percentage": null,
  "cbg_percentage": null,
  "rating_average": null,
  "thc_percentage": null,
  "lineage_parents": "Charlotte's Web",
  "strain_classification": "Sativa"
}