{
  "url": "https://www.leafly.com/strains/cheetah-piss",
  "name": "Cheetah Piss",
  "awards": [],
  "effects": [
    "Aroused",
    "Giggly",
    "Focused"
  ],
  "flavors": [
    "Ammonia",
    "Skunk",
    "Menthol"
  ],
  "lineage": [
    "Lemonnade",
    "Gelato 42",
    "London Poundcake 97"
  ],
  "medical": [
    "Anxiety",
    "Depression",
    "Stress"
  ],
  "terpenes": [
    "Caryophyllene",
    "Limonene",
    "Humulene"
  ],
  "grow_info": {
    "yield": "medium",
    "height": "short to medium",
    "difficulty": "difficult",
    "flowering_time_weeks": 8
  },
  "cbd_percent": 1,
  "description": "A trifecta of quality strains from Growing Passion and Cookies Fam, Cheetah Piss crosses Lemonnade, Gelato 42, and London Poundcake 97. While the name is an homage to famous old school strain Cat Piss, there isn’t much in common when it comes to the highs. As far as its terpene profile, Cheetah Piss is funky just like Cat Piss, reminding consumers of those strains with weird, uncommon qualities.",
  "thc_percent": 18,
  "rating_count": 289,
  "average_rating": 4.5,
  "classification": "Hybrid"
}