{
  "url": "https://www.leafly.com/strains/chem-cake",
  "name": "Chem Cake",
  "awards": [],
  "effects": [
    "Tingly",
    "Euphoric",
    "Uplifted"
  ],
  "flavors": [
    "Chemical",
    "Vanilla",
    "Diesel"
  ],
  "lineage": [
    "Birthday Cake",
    "Chem D"
  ],
  "medical": [
    "Anxiety",
    "Stress",
    "Pain"
  ],
  "terpenes": [
    "Limonene",
    "Caryophyllene",
    "Pinene"
  ],
  "grow_info": {
    "yield": "medium",
    "height": "medium",
    "difficulty": "moderate",
    "flowering_time_weeks": null
  },
  "cbd_percent": null,
  "description": "Chem Cake is a hybrid weed strain made from a genetic cross between Birthday Cake and Chem D. This strain is 60% sativa and 40% indica. Chem Cake is 28% THC, making this strain an ideal choice for experienced cannabis consumers. Bred by Hytiva, the average price of Chem Cake typically ranges from $10-$15 per gram.",
  "thc_percent": 28,
  "rating_count": 22,
  "average_rating": 4.5,
  "classification": "Hybrid"
}