{
  "url": "https://www.leafly.com/strains/chemdawg-sour-diesel",
  "name": "Sour Chem",
  "awards": [],
  "effects": [
    "Creative",
    "Uplifted",
    "Energetic"
  ],
  "flavors": [
    "Chemical",
    "Diesel",
    "Ammonia"
  ],
  "lineage": [
    "Chemdog D",
    "Sour Diesel"
  ],
  "medical": [
    "Stress",
    "Anxiety",
    "Depression"
  ],
  "terpenes": [
    "Caryophyllene",
    "Limonene",
    "Myrcene"
  ],
  "grow_info": {
    "yield": "medium",
    "height": "medium",
    "difficulty": "moderate",
    "flowering_time_weeks": null
  },
  "cbd_percent": 0,
  "description": "Sour Chem, also known as \"Chemdog Sour Diesel,\" \"Chemdawg Diesel,\" and \"Chem Sour,\" is a sativa-dominant hybrid marijuana strain from Reservoir Seeds that combines champion genetics from Chemdog D and Sour Diesel. With a sharp sour bite, Chemdog Sour Diesel has a funky fuel and earthy pine aroma that stuns the senses. Its buzzing euphoria leaves you feeling elevated and uplifted, but anxiety-prone individuals should tread carefully with this high-flying sativa.",
  "thc_percent": 21,
  "rating_count": 119,
  "average_rating": 4.5,
  "classification": "Hybrid"
}