{
  "url": "https://www.leafly.com/strains/cherry-zlushie",
  "name": "Cherry Zlushie",
  "awards": [],
  "effects": [
    "Relaxed",
    "Focused",
    "Uplifted"
  ],
  "flavors": [
    "Berry",
    "Blueberry",
    "Tropical"
  ],
  "lineage": [],
  "medical": [
    "Anxiety",
    "Depression",
    "Stress"
  ],
  "terpenes": [],
  "grow_info": {
    "yield": "null",
    "height": "null",
    "difficulty": "null",
    "flowering_time_weeks": null
  },
  "cbd_percent": null,
  "description": "Cherry Zlushie is a hybrid weed strain made from a genetic cross between unknown parent strains. This strain is 40% sativa and 60% indica. Cherry Zlushie is 20% THC, making this strain an ideal choice for experienced cannabis consumers. Bred by unknown breeders, the average price of Cherry Zlushie typically ranges from $10-$15 per gram. We are still learning about Cherry Zlushie’s effects, flavors, and medical uses.",
  "thc_percent": 20,
  "rating_count": 24,
  "average_rating": 4.6,
  "classification": "Hybrid"
}