{
  "url": "https://www.leafly.com/strains/christmas-tree",
  "name": "Christmas Tree",
  "awards": [],
  "effects": [
    "Relaxed",
    "Creative",
    "Sleepy"
  ],
  "flavors": [
    "Apricot",
    "Blueberry",
    "Woody"
  ],
  "lineage": [],
  "medical": [
    "Anxiety",
    "Pain",
    "PTSD"
  ],
  "terpenes": [],
  "grow_info": {
    "yield": "null",
    "height": "null",
    "difficulty": "null",
    "flowering_time_weeks": null
  },
  "cbd_percent": null,
  "description": "Christmas Tree is a hybrid weed strain. Reviewers on Leafly say this strain makes them feel relaxed, creative, and sleepy.",
  "thc_percent": null,
  "rating_count": 14,
  "average_rating": 4.3,
  "classification": "Hybrid"
}