{
  "url": "https://www.leafly.com/strains/dantes-inferno",
  "name": "Dante's Inferno",
  "awards": [],
  "effects": [
    "Relaxed",
    "Focused",
    "Talkative"
  ],
  "flavors": [
    "Ammonia",
    "Pepper",
    "Tea"
  ],
  "lineage": [
    "Oreoz",
    "Devil Driver"
  ],
  "medical": [
    "Anxiety",
    "Stress",
    "Pain"
  ],
  "terpenes": [],
  "grow_info": {
    "yield": "null",
    "height": "null",
    "difficulty": "null",
    "flowering_time_weeks": null
  },
  "cbd_percent": null,
  "description": "Dante’s Inferno is a cannabis strain, that combines Oreoz and Devil Driver. Breeders Clearwater Genetics and Tiki Madman teamed up on the strain. Dante's Inferno can smell sweet and creamy, and is known for it's beautiful, blingy look. This indica hybrid has lots of cookies genetics in it for a relaxing effect.",
  "thc_percent": null,
  "rating_count": 68,
  "average_rating": 4.5,
  "classification": "Hybrid"
}