{
  "awards": "",
  "aliases": "",
  "effects": "relaxed,happy,euphoric",
  "flavors": "sweet,earthy,spicy",
  "medical": "stress relief,pain relief",
  "terpenes": {
    "pinene": "Present",
    "myrcene": "Dominant",
    "ocimene": "Present",
    "humulene": "Present",
    "limonene": "Present",
    "linalool": "Present",
    "terpinolene": "Present",
    "caryophyllene": "Present"
  },
  "grow_info": {
    "yield": "Medium",
    "height": "Medium",
    "difficulty": "Moderate",
    "flowering_weeks": null
  },
  "description": "",
  "strain_name": "Do-Si-Dos Haze",
  "rating_count": null,
  "cbd_percentage": null,
  "cbg_percentage": null,
  "rating_average": null,
  "thc_percentage": null,
  "lineage_parents": "Do-Si-Dos x Haze",
  "strain_classification": "Hybrid"
}