{
  "url": "https://www.leafly.com/strains/durban",
  "name": "Durban",
  "awards": [],
  "effects": [
    "Energetic",
    "Focused",
    "Uplifted"
  ],
  "flavors": [
    "Earthy",
    "Woody",
    "Pine"
  ],
  "lineage": [
    "Durban Poison"
  ],
  "medical": [
    "Anxiety",
    "Depression",
    "Stress"
  ],
  "terpenes": [
    "Linalool",
    "Myrcene",
    "Terpinolene"
  ],
  "grow_info": {
    "yield": "medium",
    "height": "medium",
    "difficulty": "moderate",
    "flowering_time_weeks": 8
  },
  "cbd_percent": null,
  "description": "Durban is a sativa-dominant hybrid marijuana strain originating from South Africa. This strain produces fast and powerful effects that are energizing, uplifting and cerebral. Durban is an extremely potent strain best reserved for those consumers with a high THC tolerance. The flavor profile of this strain can be described as earthy, with woody flavors like pine shining through. Medical marijuana patients choose Durban to help relieve symptoms associated with depression, appetite loss and chronic stress.",
  "thc_percent": 18,
  "rating_count": 74,
  "average_rating": 4.5,
  "classification": "Hybrid"
}