{
  "awards": "",
  "aliases": "",
  "effects": "happy, euphoric, relaxed",
  "flavors": "sweet, earthy, citrus",
  "medical": "stress, depression, pain",
  "terpenes": {
    "pinene": "Present",
    "myrcene": "Present",
    "ocimene": "Present",
    "humulene": "Present",
    "limonene": "Present",
    "linalool": "Present",
    "terpinolene": "Present",
    "caryophyllene": "Dominant"
  },
  "grow_info": {
    "yield": "High",
    "height": "Medium",
    "difficulty": "Moderate",
    "flowering_weeks": 8
  },
  "description": "Durban Poison Diesel is a potent sativa strain known for its uplifting effects and sweet, earthy flavors.",
  "strain_name": "Durban Poison Diesel",
  "rating_count": 150,
  "cbd_percentage": 0.1,
  "cbg_percentage": 0.2,
  "rating_average": 4.5,
  "thc_percentage": 20,
  "lineage_parents": "Durban Poison, Diesel",
  "strain_classification": "Sativa"
}