{
  "url": "https://www.leafly.com/strains/el-chapo",
  "name": "El Chapo",
  "awards": [],
  "effects": [
    "Focused",
    "Energetic",
    "Uplifted"
  ],
  "flavors": [
    "Diesel",
    "Grape",
    "Sweet"
  ],
  "lineage": [
    "Sour Diesel IBL",
    "Headbanger"
  ],
  "medical": [
    "Depression",
    "Inflammation",
    "Anxiety"
  ],
  "terpenes": [],
  "grow_info": {
    "yield": "",
    "height": "",
    "difficulty": "null",
    "flowering_time_weeks": null
  },
  "cbd_percent": null,
  "description": "A collaboration between The Plug and Sour Genetics, El Chapo crosses Rezdog’s Sour Diesel IBL and Karma Genetic’s Headbanger. Offering a gassy aroma with fruity undertones, El Chapo produces a heavy high thanks to the Biker Kush in Headbanger.",
  "thc_percent": null,
  "rating_count": 12,
  "average_rating": 4.6,
  "classification": "Hybrid"
}