{
  "url": "https://www.leafly.com/strains/electric-lemon-g",
  "name": "Electric Lemon G",
  "awards": [],
  "effects": [
    "Focused",
    "Energetic",
    "Giggly"
  ],
  "flavors": [
    "Lemon",
    "Citrus",
    "Lime"
  ],
  "lineage": [
    "G13",
    "Northern Lights #5"
  ],
  "medical": [
    "Anxiety",
    "Depression",
    "Stress"
  ],
  "terpenes": [
    "Myrcene",
    "Pinene",
    "Terpinolene"
  ],
  "grow_info": {
    "yield": "medium",
    "height": "medium",
    "difficulty": "moderate",
    "flowering_time_weeks": null
  },
  "cbd_percent": 0,
  "description": "Electric Lemon G is a sativa-dominant strain that combines an unknown lemon-flavored hybrid, G13, and Northern Lights #5. Bred by T.H. Seeds, these pungent buds fill the air with the smell of zesty lemon. This sativa will hit you with electrifying buzz, making it ideal for lifting the mood throughout the day.",
  "thc_percent": 18,
  "rating_count": 65,
  "average_rating": 4.3,
  "classification": "Sativa"
}