{
  "url": "https://www.leafly.com/strains/fruit-spirit",
  "name": "Fruit Spirit",
  "awards": [],
  "effects": [
    "happy",
    "talkative",
    "focused"
  ],
  "flavors": [
    "pepper",
    "spicy/herbal",
    "blueberry"
  ],
  "lineage": [
    "Blueberry",
    "White Widow"
  ],
  "medical": [
    "stress",
    "pain",
    "lack of appetite"
  ],
  "terpenes": [],
  "grow_info": {
    "yield": "medium",
    "height": "medium",
    "difficulty": "moderate",
    "flowering_time_weeks": 7
  },
  "cbd_percent": null,
  "description": "Fruit Spirit is a 60% sativa-dominant hybrid that was bred by Royal Queen Seeds through crossing Blueberry and White Widow. This is a match made in heaven, as Fruit Spirit inherits a pleasant blueberry aroma and White Widow’s heavy resin production. A sense of happiness eases the mind in total cerebral relaxation, making Fruit Spirit suitable for patients treating mood disorders, anxiety, or depression. This sweet-smelling hybrid flowers in 7 to 8 weeks indoors, but outdoor gardens should only be grown in warm, sunny regions.",
  "thc_percent": null,
  "rating_count": 42,
  "average_rating": 4.3,
  "classification": "Hybrid"
}