{
  "url": "https://www.leafly.com/strains/galactic-glue",
  "name": "Galactic Glue",
  "awards": [],
  "effects": [
    "Aroused",
    "Talkative",
    "Euphoric"
  ],
  "flavors": [
    "Berry",
    "Diesel",
    "Cheese"
  ],
  "lineage": [
    "GG4",
    "Grape Gobstopper Kush"
  ],
  "medical": [
    "Depression",
    "Pain",
    "Anxiety"
  ],
  "terpenes": [
    "Pinene",
    "Myrcene",
    "Caryophyllene"
  ],
  "grow_info": {
    "yield": "medium",
    "height": "medium",
    "difficulty": "moderate",
    "flowering_time_weeks": null
  },
  "cbd_percent": 0,
  "description": "Galactic Glue is a hybrid weed strain made by crossing GG4 and Grape Gobstopper Kush. Reviewers on Leafly say this strain makes them feel aroused, talkative, and euphoric. Galactic Glue has 16% THC. The dominant terpene in this strain is pinene.",
  "thc_percent": 16,
  "rating_count": 18,
  "average_rating": 4.4,
  "classification": "Hybrid"
}