{
  "url": "https://www.leafly.com/strains/garlic-cocktail",
  "name": "Garlic Cocktail",
  "awards": [],
  "effects": [
    "Talkative",
    "Relaxed",
    "Euphoric"
  ],
  "flavors": [
    "Chemical",
    "Cheese",
    "Skunk"
  ],
  "lineage": [
    "GMO Cookies",
    "Mimosa"
  ],
  "medical": [
    "Stress",
    "Anxiety",
    "Pain"
  ],
  "terpenes": [
    "Caryophyllene",
    "Limonene",
    "Pinene"
  ],
  "grow_info": {
    "yield": "medium",
    "height": "medium",
    "difficulty": "moderate",
    "flowering_time_weeks": null
  },
  "cbd_percent": null,
  "description": "Garlic Cocktail is a hybrid weed strain made from a genetic cross between GMO Cookies and Mimosa and bred by Loud Flower Farms. This strain is 60% sativa and 40% indica. Garlic Cocktail is 28% THC, making this strain an ideal choice for experienced cannabis consumers.",
  "thc_percent": 28,
  "rating_count": 31,
  "average_rating": 3.8,
  "classification": "Hybrid"
}