{
  "url": "https://www.leafly.com/strains/gas-face",
  "name": "Gas Face",
  "awards": [],
  "effects": [
    "Creative",
    "Focused",
    "Relaxed"
  ],
  "flavors": [
    "Tar",
    "Diesel",
    "Chemical"
  ],
  "lineage": [
    "Face Mints",
    "Biscotti",
    "Sherbet"
  ],
  "medical": [
    "Anxiety",
    "Depression",
    "Stress"
  ],
  "terpenes": [
    "Limonene",
    "Caryophyllene",
    "Myrcene"
  ],
  "grow_info": {
    "yield": "medium",
    "height": "medium",
    "difficulty": "moderate",
    "flowering_time_weeks": null
  },
  "cbd_percent": null,
  "description": "Gas Face is a stinging, very high THC weed strain bred by Seed Junky Genetics. It's a hybrid combining Face Mints with a Biscotti x Sherbet backcross. Gas Face cannabis will check all the boxes—it's glistening, stanky, and dense, with a thick, strong smoke. Medical marijuana patients report Gas Face helping ease depression, stress, and anxiety, and consumers enjoy Gas Face weed for its creative, relaxing, and uplifting effects.",
  "thc_percent": 24,
  "rating_count": 47,
  "average_rating": 4.6,
  "classification": "Hybrid"
}