{
  "url": "https://www.leafly.com/strains/gelato-33",
  "name": "Gelato #33",
  "awards": [],
  "effects": [
    "Relaxed",
    "Happy",
    "Uplifted"
  ],
  "flavors": [
    "Pepper",
    "Citrus",
    "Flowery"
  ],
  "lineage": [
    "Sunset Sherbet",
    "Thin Mint GSC"
  ],
  "medical": [
    "Anxiety",
    "Stress",
    "Depression"
  ],
  "terpenes": [
    "Caryophyllene",
    "Limonene",
    "Myrcene"
  ],
  "grow_info": {
    "yield": "medium",
    "height": "medium",
    "difficulty": "moderate",
    "flowering_time_weeks": 8
  },
  "cbd_percent": 0,
  "description": "Gelato 33 is a hybrid marijuana strain made by crossing Sunset Sherbet and Thin Mint GSC. Since its birth, a number of phenotypes have been released, all with their own unique attributes. One of them is Gelato #33, a balanced hybrid with compact buds, staying true to its Cookie genetics. Like other Gelato phenotypes, Gelato #33 is covered with fiery orange hairs while its buds can be dark green to purple. With sweet citrus and fruity flavors, Gelato #33 offers an uplifting and energetic high that is perfect for any post-work activity after a long day.",
  "thc_percent": 20,
  "rating_count": 396,
  "average_rating": 4.6,
  "classification": "Hybrid"
}