{
  "awards": "High Times Cannabis Cup 2014, 2015",
  "aliases": "Gorilla Glue #4, GG4",
  "effects": "Relaxed, Happy, Euphoric, Uplifted, Creative",
  "flavors": "Earthy, Pungent, Pine, Chocolate",
  "medical": "Stress, Pain, Depression, Insomnia, Fatigue",
  "terpenes": {
    "pinene": "Present",
    "myrcene": "Dominant",
    "ocimene": "Present",
    "humulene": "Present",
    "limonene": "Present",
    "linalool": "Present",
    "terpinolene": "Present",
    "caryophyllene": "Present"
  },
  "grow_info": {
    "yield": "High",
    "height": "Medium",
    "difficulty": "Moderate",
    "flowering_weeks": 8
  },
  "description": "GG4 Kush, also known as Gorilla Glue #4, is a potent hybrid strain known for its high THC content and relaxing effects.",
  "strain_name": "GG4 Kush",
  "rating_count": 1200,
  "cbd_percentage": 0.1,
  "cbg_percentage": 0.2,
  "rating_average": 4.5,
  "thc_percentage": 30,
  "lineage_parents": "Chocolate Diesel, Sour Dubb, and Chem's Sister",
  "strain_classification": "Hybrid"
}