{
  "url": "https://www.leafly.com/strains/goji-og",
  "name": "Goji OG",
  "awards": [],
  "effects": [
    "Tingly",
    "Relaxed",
    "Happy"
  ],
  "flavors": [
    "Berry",
    "Sweet",
    "Tree fruit"
  ],
  "lineage": [
    "Nepali OG",
    "Snow Lotus"
  ],
  "medical": [
    "Stress",
    "Anxiety",
    "Depression"
  ],
  "terpenes": [
    "Myrcene",
    "Caryophyllene",
    "Limonene"
  ],
  "grow_info": {
    "yield": "high",
    "height": "medium",
    "difficulty": "moderate",
    "flowering_time_weeks": 9
  },
  "cbd_percent": null,
  "description": "Goji OG, also known as \"Goji OG Kush,\" \"Goji,\" and \"OG Goji,\" is a sativa-dominant hybrid marijuana strain Bodhi Seeds crossed between Nepali OG and Snow Lotus. The flavor of Goji OG is as unique as the berry it's named after, offering a dynamic aroma including red berry, black cherry, strawberry, hawaiian punch, and licorice. Indoor or outdoor grows offer high yields with a flowering time of around 9 weeks.",
  "thc_percent": 19,
  "rating_count": 306,
  "average_rating": 4.4,
  "classification": "Hybrid"
}