{
  "awards": "",
  "aliases": "",
  "effects": "happy, euphoric, relaxed",
  "flavors": "fruity, tropical, sweet",
  "medical": "stress relief, depression, fatigue",
  "terpenes": {
    "pinene": "Present",
    "myrcene": "Dominant",
    "ocimene": "Present",
    "humulene": "Present",
    "limonene": "Present",
    "linalool": "Present",
    "terpinolene": "Present",
    "caryophyllene": "Present"
  },
  "grow_info": {
    "yield": "Medium",
    "height": "Medium",
    "difficulty": "Moderate",
    "flowering_weeks": null
  },
  "description": "",
  "strain_name": "Golden Maui Wowie",
  "rating_count": 0,
  "cbd_percentage": null,
  "cbg_percentage": null,
  "rating_average": null,
  "thc_percentage": null,
  "lineage_parents": "Hawaiian x Maui Wowie",
  "strain_classification": "Sativa"
}