{
  "awards": "",
  "aliases": "",
  "effects": "",
  "flavors": "",
  "medical": "",
  "terpenes": {
    "pinene": "",
    "myrcene": "",
    "ocimene": "",
    "humulene": "",
    "limonene": "",
    "linalool": "",
    "terpinolene": "",
    "caryophyllene": ""
  },
  "grow_info": {
    "yield": "",
    "height": "",
    "difficulty": "",
    "flowering_weeks": null
  },
  "description": "",
  "strain_name": "Golden Punch",
  "rating_count": null,
  "cbd_percentage": null,
  "cbg_percentage": null,
  "rating_average": null,
  "thc_percentage": null,
  "lineage_parents": "",
  "strain_classification": "Hybrid"
}