{
  "awards": "",
  "aliases": "",
  "effects": "Relaxed, Happy, Euphoric, Uplifted, Sleepy",
  "flavors": "Earthy, Pine, Citrus, Sweet",
  "medical": "Stress, Pain, Insomnia, Depression, Fatigue",
  "terpenes": {
    "pinene": "Present",
    "myrcene": "Dominant",
    "ocimene": "Present",
    "humulene": "Present",
    "limonene": "Present",
    "linalool": "Present",
    "terpinolene": "Present",
    "caryophyllene": "Present"
  },
  "grow_info": {
    "yield": "Medium",
    "height": "Medium",
    "difficulty": "Moderate",
    "flowering_weeks": null
  },
  "description": "",
  "strain_name": "Golden Skywalker OG",
  "rating_count": 0,
  "cbd_percentage": null,
  "cbg_percentage": null,
  "rating_average": null,
  "thc_percentage": null,
  "lineage_parents": "Skywalker OG x Unknown",
  "strain_classification": "Hybrid"
}