{
  "url": "https://www.leafly.com/strains/gorilla-girl",
  "name": "Gorilla Girl",
  "awards": [],
  "effects": [
    "Happy",
    "Uplifted",
    "Relaxed"
  ],
  "flavors": [
    "Woody",
    "Mint",
    "Diesel"
  ],
  "lineage": [
    "GG (f.k.a. Gorilla Glue)",
    "GSC Thin Mint"
  ],
  "medical": [
    "Pain",
    "Depression",
    "Anxiety"
  ],
  "terpenes": [
    "Caryophyllene",
    "Humulene",
    "Limonene"
  ],
  "grow_info": {
    "yield": "high",
    "height": "medium",
    "difficulty": "moderate",
    "flowering_time_weeks": null
  },
  "cbd_percent": null,
  "description": "Gorilla Girl is a potent hybrid cross of two extremely popular cuts. Created by Sweet Seeds, this strain combines an unnamed phenotype of GG (f.k.a. Gorilla Glue) and GSC Thin Mint. Sweet Seeds describes the aroma as an intense mixture of cypress wood, earth, and citrus, and the effects as positive and cerebral with happy, creative euphoria. Both of Gorilla Girl’s parents are known for their potency, so mind your dosage! This strain is a thumper and can dispatch stress, nausea, and pain with just a few hits.",
  "thc_percent": 25,
  "rating_count": 40,
  "average_rating": 4.7,
  "classification": "Hybrid"
}