{
  "url": "https://www.leafly.com/strains/gorilla-snacks",
  "name": "Gorilla Snacks",
  "awards": [],
  "effects": [
    "Relaxed",
    "Giggly",
    "Happy"
  ],
  "flavors": [
    "Pine",
    "Pungent",
    "Grape"
  ],
  "lineage": [
    "GG4",
    "Scooby Snacks"
  ],
  "medical": [
    "Stress",
    "Depression",
    "Anxiety"
  ],
  "terpenes": [
    "Caryophyllene",
    "Limonene",
    "Humulene"
  ],
  "grow_info": {
    "yield": "null",
    "height": "null",
    "difficulty": "null",
    "flowering_time_weeks": null
  },
  "cbd_percent": 0,
  "description": "Gorilla Snacks by Heroes of The Farm is an odoriferous passion project that combines two extremely resinous strains. Its lineage is a mixture of GG4 and Guinness, a Scooby Snacks F3 backcross that took well over a year to develop. This strain naturally creates an abundance of trichomes, giving the plant a stunning appearance. Gorilla Snacks has a strong aroma with pungent notes of pine, herbs, and sweetness. Enjoy Gorilla Snacks when you have some free time, as this strain’s powerful buzz may steer you away from strenuous mental or physical activity.",
  "thc_percent": 23,
  "rating_count": 41,
  "average_rating": 4.5,
  "classification": "Hybrid"
}