{
  "url": "https://www.leafly.com/strains/granddaddy-purple",
  "name": "Granddaddy Purple",
  "awards": [],
  "effects": [
    "Sleepy",
    "Relaxed",
    "Hungry"
  ],
  "flavors": [
    "Grape",
    "Berry",
    "Violet"
  ],
  "lineage": [
    "Mendo Purps",
    "Skunk",
    "Afghanistan",
    "Big Bud",
    "Purple Urkle"
  ],
  "medical": [
    "Stress",
    "Anxiety",
    "Pain"
  ],
  "terpenes": [
    "Myrcene",
    "Pinene",
    "Caryophyllene"
  ],
  "grow_info": {
    "yield": "high",
    "height": "medium",
    "difficulty": "easy",
    "flowering_time_weeks": 8
  },
  "cbd_percent": 0,
  "description": "Granddaddy Purple is an indica marijuana strain that goes by many different names, including \"Grand Daddy Purp,\" \"Granddaddy Purps,\" \"GDP,\" and \"Grandaddy Purple Kush.\" Popularized in 2003 by Ken Estes, Granddaddy Purple (or GDP) is a famous indica cross of Mendo Purps, Skunk, and Afghanistan. Other people claim it is Big Bud x Purple Urkle. Either way, this California staple inherits a complex grape and berry aroma from its Purps and Ghani heritage. GDP flowers bloom in shades of deep purple, a contrasting backdrop for its snow-like dusting of white crystal resin. Its potent effects are clearly detectable in both mind and body, delivering a fusion of cerebral euphoria and physical relaxation. While your thoughts may float in a dreamy buzz, your body is more likely to find itself fixed in one spot for the duration of GDP’s effects. Granddaddy Purple is typically pulled off the shelf for consumers looking to combat pain, stress, insomnia, appetite loss, and muscle spasms. GDP blesses growers with massive yields which are ready for harvest following a 60 day flowering time indoors.",
  "thc_percent": 17,
  "rating_count": 5634,
  "average_rating": 4.4,
  "classification": "Indica"
}