{
  "awards": "Best Hybrid at the 2020 Cannabis Cup",
  "aliases": "GDP Dream, Granddaddy Dream",
  "effects": "Relaxed, Happy, Euphoric, Uplifted",
  "flavors": "Grape, Berry, Sweet, Earthy",
  "medical": "Stress, Pain, Insomnia, Depression",
  "terpenes": {
    "pinene": "Present",
    "myrcene": "Dominant",
    "ocimene": "Present",
    "humulene": "Present",
    "limonene": "Present",
    "linalool": "Present",
    "terpinolene": "Present",
    "caryophyllene": "Present"
  },
  "grow_info": {
    "yield": "Medium",
    "height": "Medium",
    "difficulty": "Moderate",
    "flowering_weeks": 8
  },
  "description": "Granddaddy Purple Dream is a delightful hybrid strain that combines the relaxing effects of Granddaddy Purple with the uplifting qualities of Dream, making it perfect for both daytime and nighttime use.",
  "strain_name": "Granddaddy Purple Dream",
  "rating_count": 150,
  "cbd_percentage": 0.1,
  "cbg_percentage": 0.5,
  "rating_average": 4.5,
  "thc_percentage": 22,
  "lineage_parents": "Granddaddy Purple x Dream",
  "strain_classification": "Hybrid"
}