{
  "awards": "",
  "aliases": "",
  "effects": "relaxed,happy",
  "flavors": "fruity,sweet",
  "medical": "stress relief,pain",
  "terpenes": {
    "pinene": "Present",
    "myrcene": "Dominant",
    "ocimene": "Present",
    "humulene": "Present",
    "limonene": "Present",
    "linalool": "Present",
    "terpinolene": "Present",
    "caryophyllene": "Present"
  },
  "grow_info": {
    "yield": "Medium",
    "height": null,
    "difficulty": "Moderate",
    "flowering_weeks": null
  },
  "description": "",
  "strain_name": "Granddaddy Purple Diesel",
  "rating_count": null,
  "cbd_percentage": null,
  "cbg_percentage": null,
  "rating_average": null,
  "thc_percentage": null,
  "lineage_parents": "Granddaddy Purple, Diesel",
  "strain_classification": "Hybrid"
}