{
  "url": "https://www.leafly.com/strains/grape-octane",
  "name": "Grape Octane",
  "awards": [],
  "effects": [
    "Creative",
    "Happy",
    "Energetic"
  ],
  "flavors": [
    "Grape",
    "Diesel",
    "Berry"
  ],
  "lineage": [],
  "medical": [
    "Anxiety",
    "Stress",
    "Depression"
  ],
  "terpenes": [
    "Caryophyllene",
    "Limonene",
    "Myrcene"
  ],
  "grow_info": {
    "yield": "null",
    "height": "null",
    "difficulty": "null",
    "flowering_time_weeks": null
  },
  "cbd_percent": null,
  "description": "Grape Octane, also known as Grape Octane OG, is a hybrid weed strain. Reviewers on Leafly say this strain makes them feel creative, happy, and energetic. Grape Octane has 25% THC and 1% CBG. The dominant terpene in this strain is caryophyllene.",
  "thc_percent": 25,
  "rating_count": 12,
  "average_rating": 4.6,
  "classification": "Hybrid"
}