{
  "url": "https://www.leafly.com/strains/grape-escape",
  "name": "Grape Escape",
  "awards": [],
  "effects": [
    "Giggly",
    "Creative",
    "Happy"
  ],
  "flavors": [
    "Grape",
    "Blueberry",
    "Berry"
  ],
  "lineage": [
    "Grape Stomper",
    "Grape OG"
  ],
  "medical": [
    "Depression",
    "Stress",
    "Fatigue"
  ],
  "terpenes": [
    "Caryophyllene",
    "Humulene",
    "Limonene"
  ],
  "grow_info": {
    "yield": "medium",
    "height": "medium",
    "difficulty": "moderate",
    "flowering_time_weeks": null
  },
  "cbd_percent": null,
  "description": "Grape Escape is a hybrid weed strain made by crossing Grape Stomper and Grape OG. Reviewers on Leafly say this strain makes them feel giggly, creative, and happy. Grape Escape has 15% THC and 1% CBG. The dominant terpene in this strain is caryophyllene.",
  "thc_percent": 15,
  "rating_count": 8,
  "average_rating": 4.9,
  "classification": "Hybrid"
}