{
  "awards": "",
  "aliases": "",
  "effects": "happy, relaxed, euphoric",
  "flavors": "earthy, sweet, citrus",
  "medical": "stress, pain, depression",
  "terpenes": {
    "pinene": "Present",
    "myrcene": "Dominant",
    "ocimene": "Present",
    "humulene": "Present",
    "limonene": "Present",
    "linalool": "Present",
    "terpinolene": "Present",
    "caryophyllene": "Present"
  },
  "grow_info": {
    "yield": "High",
    "height": "Medium",
    "difficulty": "Moderate",
    "flowering_weeks": 8
  },
  "description": "Green Crack Glue is a potent hybrid strain known for its uplifting effects and sweet, earthy flavors.",
  "strain_name": "Green Crack Glue",
  "rating_count": 150,
  "cbd_percentage": 0.1,
  "cbg_percentage": 0.5,
  "rating_average": 4.5,
  "thc_percentage": 25,
  "lineage_parents": "Green Crack x Gorilla Glue",
  "strain_classification": "Hybrid"
}