{
  "url": "https://www.leafly.com/strains/gremlin",
  "name": "Gremlin",
  "awards": [],
  "effects": [
    "Euphoric",
    "Energetic",
    "Uplifted"
  ],
  "flavors": [
    "Pungent",
    "Sweet",
    "Earthy"
  ],
  "lineage": [
    "King Louis XIII",
    "Mogwai (White Fire Alien OG and ’09 Cookies crossed with a secret strain)"
  ],
  "medical": [
    "Muscle spasms",
    "Stress",
    "Headaches"
  ],
  "terpenes": [],
  "grow_info": {
    "yield": "medium",
    "height": "medium",
    "difficulty": "moderate",
    "flowering_time_weeks": null
  },
  "cbd_percent": null,
  "description": "A cross between King Louis XIII and Mogwai (White Fire Alien OG and ’09 Cookies crossed with a secret strain), Gremlin is a hybrid strain that carries the sweet scent of cookie dough and earthy pine. Heavy-handed euphoria and physical relief melts through the body, dulling pain and insomnia while sharpening the appetite.",
  "thc_percent": null,
  "rating_count": 13,
  "average_rating": 4.5,
  "classification": "Hybrid"
}