{
  "url": "https://www.leafly.com/strains/guava-jelly",
  "name": "Guava Jelly",
  "awards": [],
  "effects": [
    "Focused",
    "Uplifted",
    "Creative"
  ],
  "flavors": [
    "Pear",
    "Peach",
    "Apple"
  ],
  "lineage": [
    "Wedding Cheesecake",
    "Durban Poison",
    "OG Kush",
    "Strawberry Kush"
  ],
  "medical": [
    "Anxiety",
    "Stress",
    "Depression"
  ],
  "terpenes": [
    "Myrcene",
    "Limonene",
    "Caryophyllene"
  ],
  "grow_info": {
    "yield": "medium",
    "height": "medium",
    "difficulty": "moderate",
    "flowering_time_weeks": null
  },
  "cbd_percent": 0,
  "description": "Guava Jelly is a sativa-dominant hybrid marijuana strain made from a complex cross of Wedding Cheesecake, Durban Poison, OG Kush, and Strawberry Kush. Guava Jelly is beloved by consumers for its high potency and powerful flavor. This strain produces a pleasant mental euphoria that eventually gives way to gentle feelings of relaxation. Guava Jelly is a great choice for your wake and bake session, as the effects are uplifting enough for you to remain productive throughout your day. With a THC content of 16%, this strain is ideal for new consumers looking for a strain that is high in THC but won't cause anxiety. It's also ideal for medical marijuana patients looking to relieve symptoms associated with depression and loss of appetite. In terms of flavor, Guava Jelly features tropical smells and aromas that are sure to please any pallet. According to growers, this strain flowers into crystal-coated buds with bright green foliage and golden trichomes. Guava Jelly was originally bred by White Label.",
  "thc_percent": 17,
  "rating_count": 30,
  "average_rating": 4.6,
  "classification": "Hybrid"
}