{
  "url": "https://www.leafly.com/strains/haleighs-hope",
  "name": "Haleigh’s Hope",
  "awards": [],
  "effects": [
    "Relaxed",
    "Focused",
    "Uplifted"
  ],
  "flavors": [
    "Pine",
    "Earthy",
    "Flowery"
  ],
  "lineage": [],
  "medical": [
    "Stress",
    "Anxiety",
    "PTSD"
  ],
  "terpenes": [],
  "grow_info": {
    "yield": "",
    "height": "",
    "difficulty": "null",
    "flowering_time_weeks": null
  },
  "cbd_percent": 24,
  "description": "Haleigh’s Hope is a high-CBD strain from Colorado named after a 4-year old with cerebral palsy and epilepsy. Her conditions were treated with an oil derived from this strain, which exhibits a CBD:THC ratio of 24:1. This low-THC, high-CBD cannabinoid profile was finally achieved after four years of crossing and selecting from hundreds of different phenotypes.",
  "thc_percent": 1,
  "rating_count": 41,
  "average_rating": 4.9,
  "classification": "Hybrid"
}