{
  "url": "https://www.leafly.com/strains/halle-berry",
  "name": "Halle Berry",
  "awards": [],
  "effects": [
    "Happy",
    "Relaxed",
    "Euphoric"
  ],
  "flavors": [
    "Orange",
    "Berry",
    "Blueberry"
  ],
  "lineage": [
    "Ice Cream Cake",
    "Blockberry"
  ],
  "medical": [
    "Anxiety",
    "Depression",
    "Stress"
  ],
  "terpenes": [],
  "grow_info": {
    "yield": "medium",
    "height": "medium",
    "difficulty": "moderate",
    "flowering_time_weeks": null
  },
  "cbd_percent": null,
  "description": "Halle Berry is a hybrid weed strain made from a genetic cross between Ice Cream Cake and Blockberry. This strain is 50% sativa and 50% indica. Halle Berry is 20% THC, making this strain an ideal choice for experienced cannabis consumers. Bred by Blockhead Buds, the average price of Halle Berry typically ranges from $10-$15 per gram. We are still learning about Halle Berry’s effects, flavors, and medical uses.",
  "thc_percent": 20,
  "rating_count": 19,
  "average_rating": 4.7,
  "classification": "Hybrid"
}