{
  "url": "https://www.leafly.com/strains/hammerhead",
  "name": "Hammerhead",
  "awards": [],
  "effects": [
    "Sleepy",
    "Euphoric",
    "Creative"
  ],
  "flavors": [
    "Blue Cheese",
    "Diesel",
    "Spicy/Herbal"
  ],
  "lineage": [
    "White Rhino",
    "Medicine Man"
  ],
  "medical": [
    "Insomnia",
    "Pain",
    "Stress"
  ],
  "terpenes": [
    "Myrcene",
    "Caryophyllene",
    "Limonene"
  ],
  "grow_info": {
    "yield": "medium",
    "height": "medium",
    "difficulty": "moderate",
    "flowering_time_weeks": null
  },
  "cbd_percent": 1,
  "description": "Hammerhead is a pungent indica-dominant strain that develops dense, trichome-coated buds with a small boost of CBD. These physical attributes speak to the strain’s White Rhino and Medicine Man genetics, which also lend Hammerhead effects of sleep-inducing, full-body relaxation. Its buds are dense and deep green with a showing of light amber hairs. Hammerhead exhibits notes of fruit, honey, and pungent dankness, making it as appetizing as it is effective.",
  "thc_percent": 24,
  "rating_count": 29,
  "average_rating": 4.8,
  "classification": "Indica"
}