{
  "url": "https://www.leafly.com/strains/harle-tsu",
  "name": "Harle-Tsu",
  "awards": [],
  "effects": [
    "Relaxed",
    "Focused",
    "Uplifted"
  ],
  "flavors": [
    "Woody",
    "Spicy/Herbal",
    "Earthy"
  ],
  "lineage": [
    "Harlequin",
    "Sour Tsunami"
  ],
  "medical": [
    "Pain",
    "Stress",
    "Anxiety"
  ],
  "terpenes": [
    "Myrcene",
    "Pinene",
    "Terpinolene"
  ],
  "grow_info": {
    "yield": "medium",
    "height": "medium",
    "difficulty": "easy",
    "flowering_time_weeks": 8
  },
  "cbd_percent": 11,
  "description": "Harle-Tsu, bred by the Southern Humboldt Seed Collective, is a high-CBD hybrid cross between Harlequin and Sour Tsunami. With its high CBD content and virtually non-existent THC content, Harle-Tsu may bring relief to pain and inflammation without euphoria or intoxication. Harle-Tsu seeds have a 75% chance of expressing its high-CBD characteristics, and indoor plants will finish flowering in 8 weeks.",
  "thc_percent": 0,
  "rating_count": 350,
  "average_rating": 4.5,
  "classification": "Hybrid"
}