{
  "url": "https://www.leafly.com/strains/hawaiian-haze",
  "name": "Hawaiian Haze",
  "awards": [],
  "effects": [
    "Talkative",
    "Uplifted",
    "Energetic"
  ],
  "flavors": [
    "Tropical",
    "Pineapple",
    "Flowery"
  ],
  "lineage": [
    "Hawaiian",
    "Haze"
  ],
  "medical": [
    "Anxiety",
    "Stress",
    "Depression"
  ],
  "terpenes": [
    "Myrcene",
    "Pinene",
    "Caryophyllene"
  ],
  "grow_info": {
    "yield": "medium",
    "height": "tall",
    "difficulty": "moderate",
    "flowering_time_weeks": 12
  },
  "cbd_percent": 1,
  "description": "Hawaiian Haze is a sativa marijuana strain that produces some high-quality sativa effects. A mix of Hawaiian and Haze genetics, these light, airy buds will have your head in the clouds. Many users also report that it makes them sociable and talkative. Hawaiian Haze’s floral smell and taste of tropical fruit might just have you daydreaming about an island vacation. Hawaiian Haze is available in a non-intoxicating CBD variety bred by Oregon CBD.",
  "thc_percent": 17,
  "rating_count": 150,
  "average_rating": 4.4,
  "classification": "Sativa"
}