{
  "url": "https://www.leafly.com/strains/hindu-skunk",
  "name": "Hindu Skunk",
  "awards": [],
  "effects": [
    "Euphoric",
    "Aroused",
    "Hungry"
  ],
  "flavors": [
    "Skunk",
    "Pungent",
    "Earthy"
  ],
  "lineage": [
    "Hindu Kush",
    "Skunk #1"
  ],
  "medical": [
    "Stress",
    "Anxiety",
    "Pain"
  ],
  "terpenes": [
    "Myrcene",
    "Caryophyllene",
    "Limonene"
  ],
  "grow_info": {
    "yield": "medium",
    "height": "medium",
    "difficulty": "moderate",
    "flowering_time_weeks": null
  },
  "cbd_percent": 0,
  "description": "Also known as Skunk Kush, Hindu Skunk is a cross of Hindu Kush and Skunk #1. The taste of the smoke is smooth and provides a strong and very mellow high.",
  "thc_percent": 18,
  "rating_count": 109,
  "average_rating": 4.1,
  "classification": "Indica"
}