{
  "url": "https://www.leafly.com/strains/huckleberry",
  "name": "Huckleberry",
  "awards": [],
  "effects": [
    "Happy",
    "Relaxed",
    "Euphoric"
  ],
  "flavors": [
    "Berry",
    "Sweet",
    "Flowery"
  ],
  "lineage": [
    "Crater Lake",
    "Blue Heron"
  ],
  "medical": [
    "Stress",
    "Anxiety",
    "Pain"
  ],
  "terpenes": [
    "Myrcene",
    "Terpinolene",
    "Pinene"
  ],
  "grow_info": {
    "yield": "average",
    "height": "medium",
    "difficulty": "moderate",
    "flowering_time_weeks": 9
  },
  "cbd_percent": 0,
  "description": "The origins and genetics of Huckleberry are under debate, but there is no disputing the strain’s unmistakable berry aroma. The flower is compact, light green in color, and generally covered in orange hairs. Huckleberry plants have a flowering time of 8-9 weeks and produce average yields. They might be a bit tricky for the novice grower. The effects of this strain are on the milder side and largely reported as relaxing, cutting through stress without the cloudiness. Undoubtedly, this strain is best known for its intense fruity smell and taste, similar to its relative Blueberry.",
  "thc_percent": 21,
  "rating_count": 189,
  "average_rating": 4.1,
  "classification": "Hybrid"
}