{
  "url": "https://www.leafly.com/strains/ice-cream-cake",
  "name": "Ice Cream Cake",
  "awards": "",
  "effects": [],
  "flavors": [
    "Vanilla",
    "Butter",
    "Pepper"
  ],
  "lineage": "Wedding Cake x Gelato #33",
  "grow_info": {
    "yield": "high",
    "height": "medium",
    "difficulty": "moderate",
    "flowering_time_weeks": 9
  },
  "cbd_percent": null,
  "description": "Ice Cream Cake is an Indica-dominant hybrid marijuana strain made by crossing Wedding Cake with Gelato #33. This strain offers sedating effects that leave your mind and body completely relaxed. Ice Cream Cake features a creamy flavor profile with sweet hints of vanilla and sugary dough. This strain is reported by medical marijuana patients and consumers to have calming effects that help with pain, sleep, and anxiety. Ice Cream Cake weed is ideal for night time use when you have nothing important to do except watch TV and fall asleep.",
  "thc_percent": 22,
  "rating_count": 1397,
  "average_rating": 4.6,
  "classification": "Hybrid"
}