{
  "url": "https://www.leafly.com/strains/in-the-pines",
  "name": "In The Pines",
  "awards": [],
  "effects": [
    "Focused",
    "Uplifted",
    "Energetic"
  ],
  "flavors": [
    "Pine",
    "Pineapple",
    "Tropical"
  ],
  "lineage": [
    "Pineapple Thai",
    "Master Kush",
    "Pineapple"
  ],
  "medical": [
    "Stress",
    "Inflammation",
    "Anxiety"
  ],
  "terpenes": [
    "Myrcene",
    "Caryophyllene",
    "Pinene"
  ],
  "grow_info": {
    "yield": "medium",
    "height": "medium",
    "difficulty": "moderate",
    "flowering_time_weeks": null
  },
  "cbd_percent": 10,
  "description": "From Aficionado Seeds comes In The Pines, a sativa-dominant strain bred by crossing Pineapple Thai, Master Kush, and Pineapple. Tropical fruity flavors activate on the inhale and usher in this sativa’s invigorating, active effects. Clear creativity comes alive as the senses sharpen, making In The Pines the perfect companion strain for hobbies and productive afternoons.",
  "thc_percent": 5,
  "rating_count": 56,
  "average_rating": 4.6,
  "classification": "Sativa"
}