{
  "url": "https://www.leafly.com/strains/jack-herer",
  "name": "Jack Herer",
  "awards": [],
  "effects": [
    "Focused",
    "Energetic",
    "Creative"
  ],
  "flavors": [
    "Pine",
    "Woody",
    "Earthy"
  ],
  "lineage": [
    "Haze",
    "Northern Lights #5",
    "Shiva Skunk"
  ],
  "medical": [
    "Stress",
    "Anxiety",
    "Depression"
  ],
  "terpenes": [
    "Terpinolene",
    "Caryophyllene",
    "Pinene"
  ],
  "grow_info": {
    "yield": "medium",
    "height": "medium",
    "difficulty": "moderate",
    "flowering_time_weeks": "7 - 9"
  },
  "cbd_percent": null,
  "description": "Jack Herer, also known as \"JH,\" \"The Jack,\" \"Premium Jack,\" and \"Platinum Jack\" is a sativa-dominant marijuana strain that has gained as much renown as its namesake, the marijuana activist and author of The Emperor Wears No Clothes. Combining a Haze hybrid with a Northern Lights #5 and Shiva Skunk cross, Sensi Seeds created Jack Herer hoping to capture both cerebral elevation and heavy resin production. Its rich genetic background gives rise to several different variations of Jack Herer, each phenotype bearing its own unique features and effects. Leafly reviewers tell us that Jack Herer’s effects include feeling energetic, creative, and uplifted. However, consumers typically describe this 55% sativa hybrid as blissful, clear-headed, and creative. Jack Herer was created in the Netherlands in the mid-1990s, where it was later distributed by Dutch pharmacies as a recognized medical-grade strain. Since then, this spicy, pine-scented strain has taken home numerous awards for its quality and potency.",
  "thc_percent": 18,
  "rating_count": 5075,
  "average_rating": 4.4,
  "classification": "Sativa"
}