{
  "url": "https://www.leafly.com/strains/jigglers",
  "name": "Jigglers",
  "awards": [],
  "effects": [
    "Energetic",
    "Giggly",
    "Sleepy"
  ],
  "flavors": [
    "Diesel",
    "Berry",
    "Woody"
  ],
  "lineage": [
    "Gelato",
    "Red Pop"
  ],
  "medical": [
    "Depression",
    "Stress",
    "Cramps"
  ],
  "terpenes": [],
  "grow_info": {
    "yield": "medium",
    "height": "medium",
    "difficulty": "moderate",
    "flowering_time_weeks": null
  },
  "cbd_percent": null,
  "description": "Jigglers is a cannabis strain from Exotic Genetix that crosses Gelato x Red Pop. The Jigglers strain combines the creamy berry fuel of Gelato with an extra sheen of red soda pop syrup. The Jigglers strain smells and tastes sour, fruity, funky, tart, and sugary. Its indica hybrid effects relax the body and mellow the mood.",
  "thc_percent": null,
  "rating_count": 10,
  "average_rating": 4.8,
  "classification": "Hybrid"
}