{
  "url": "https://www.leafly.com/strains/juice-box",
  "name": "Juice Box",
  "awards": [],
  "effects": [
    "Energetic",
    "Creative",
    "Talkative"
  ],
  "flavors": [
    "Pear",
    "Apple",
    "Strawberry"
  ],
  "lineage": [],
  "medical": [
    "Depression",
    "Stress",
    "Anxiety"
  ],
  "terpenes": [
    "Caryophyllene",
    "Limonene",
    "Humulene"
  ],
  "grow_info": {
    "yield": "medium",
    "height": "medium",
    "difficulty": "moderate",
    "flowering_time_weeks": null
  },
  "cbd_percent": 0,
  "description": "Juice Box is a hybrid marijuana strain. We're still learning about the flavors and effects of Juice Box - if you've smoked, dabbed, or consumed this strain before, tell us about it by leaving a review.",
  "thc_percent": 20,
  "rating_count": 13,
  "average_rating": 4.7,
  "classification": "Hybrid"
}