{
  "url": "https://www.leafly.com/strains/k2",
  "name": "K2",
  "awards": [],
  "effects": [
    "Relaxed",
    "Hungry",
    "Happy"
  ],
  "flavors": [
    "Woody",
    "Earthy",
    "Pine"
  ],
  "lineage": [
    "White Widow",
    "Hindu Kush"
  ],
  "medical": [
    "Stress",
    "Depression",
    "Pain"
  ],
  "terpenes": [],
  "grow_info": {
    "yield": "medium",
    "height": "short",
    "difficulty": "easy",
    "flowering_time_weeks": "7 - 9"
  },
  "cbd_percent": null,
  "description": "Named for Earth's second highest mountain peak, K2 is sure to leave you at a higher elevation. The mellow flavor is accented with hints of fruit and spice, and the captivating aroma helped to make it a staple at coffee shops in Amsterdam. A cross between White Widow and Hindu Kush, this dependable Dutch hybrid first attracted growers for its compact stature, while the relaxing indica effects have kept consumers who battle anxiety and insomnia asking for more.",
  "thc_percent": null,
  "rating_count": 58,
  "average_rating": 3.9,
  "classification": "Hybrid"
}