{
  "url": "https://www.leafly.com/strains/king-sherb",
  "name": "King Sherb",
  "awards": [],
  "effects": [
    "happy",
    "sleepy",
    "creative"
  ],
  "flavors": [
    "earthy",
    "spicy",
    "citrus"
  ],
  "lineage": [
    "OGKB",
    "Blue Sherb"
  ],
  "medical": [
    "depression",
    "anxiety",
    "stress"
  ],
  "terpenes": [
    "caryophyllene"
  ],
  "grow_info": {
    "yield": "medium",
    "height": "medium",
    "difficulty": "moderate",
    "flowering_time_weeks": null
  },
  "cbd_percent": null,
  "description": "King Sherb is an indica weed strain made from a genetic cross between OGKB and Blue Sherb. This strain is a creation of In House Genetics, a breeder known for producing potent and gassy strains. King Sherb has a pungent aroma of earthy, spicy, and citrus notes that will fill the room. King Sherb is 25% THC, making this strain an ideal choice for experienced cannabis consumers. Leafly customers tell us King Sherb effects include relaxed, sleepy, and happy. Medical marijuana patients often choose King Sherb when dealing with symptoms associated with insomnia, pain, and stress. Bred by In House Genetics, King Sherb features flavors like earthy, spicy, and citrus. The dominant terpene of this strain is caryophyllene. King Sherb is a great strain to enjoy at night, as it will make you feel calm and cozy. This strain also has a sedating and euphoric effect that can help you fall asleep faster and deeper.",
  "thc_percent": 25,
  "rating_count": 9,
  "average_rating": 4.4,
  "classification": "Hybrid"
}