{
  "url": "https://www.leafly.com/strains/la-woman",
  "name": "LA Woman",
  "awards": [],
  "effects": [
    "Relaxed",
    "Euphoric",
    "Tingly"
  ],
  "flavors": [
    "Pine",
    "Earthy",
    "Pungent"
  ],
  "lineage": [
    "LA Confidential",
    "Martian Mean Green"
  ],
  "medical": [
    "Stress",
    "Anxiety",
    "Pain"
  ],
  "terpenes": [
    "Myrcene",
    "Terpinolene",
    "Caryophyllene"
  ],
  "grow_info": {
    "yield": "medium",
    "height": "medium",
    "difficulty": "moderate",
    "flowering_time_weeks": null
  },
  "cbd_percent": null,
  "description": "LA Woman is a match of two multi-award winning strains by DNA Genetics, Martian Mean Green and LA Confidential. This strain's taste is sweet and robust with the flavor lasting well after the exhale. It's hard to go wrong with LA Woman's incredible smell and potency. This strain has frosty buds and is definitely a crowd-pleaser.",
  "thc_percent": 22,
  "rating_count": 116,
  "average_rating": 4.3,
  "classification": "Hybrid"
}