{
  "url": "https://www.leafly.com/strains/lantz",
  "name": "Lantz",
  "awards": [
    "First place in the Mixed Light category at the 2023 Emerald Cup",
    "Mixed Light Breeder’s Cup at the 2023 Emerald Cup"
  ],
  "effects": [
    "Uplifted",
    "Creative",
    "Euphoric"
  ],
  "flavors": [
    "Sweet",
    "Pine"
  ],
  "lineage": [
    "Green Lantern",
    "Ridgeline Runtz"
  ],
  "medical": [
    "Stress",
    "Fatigue",
    "Insomnia"
  ],
  "terpenes": [],
  "grow_info": {
    "yield": "",
    "height": "",
    "difficulty": "null",
    "flowering_time_weeks": null
  },
  "cbd_percent": null,
  "description": "Lantz, also called Ridgeline Lantz, is a hybrid weed strain bred by Ridgeline Farms from a genetic cross of Green Lantern x Ridgeline Runtz. This strain has heady terps of tangy, sweet candy and forest pine.",
  "thc_percent": 25,
  "rating_count": 9,
  "average_rating": 4.4,
  "classification": "Hybrid"
}