{
  "url": "https://www.leafly.com/strains/lavender",
  "name": "Lavender",
  "awards": [],
  "effects": [
    "Sleepy",
    "Relaxed",
    "Tingly"
  ],
  "flavors": [
    "Lavender",
    "Flowery",
    "Violet"
  ],
  "lineage": [
    "Super Skunk",
    "Big Skunk Korean",
    "Afghani Hawaiian"
  ],
  "medical": [
    "Stress",
    "Pain",
    "Insomnia"
  ],
  "terpenes": [
    "Caryophyllene",
    "Myrcene",
    "Pinene"
  ],
  "grow_info": {
    "yield": "medium",
    "height": "medium",
    "difficulty": "easy",
    "flowering_time_weeks": "7 - 9"
  },
  "cbd_percent": 1,
  "description": "Lavender, also known as \"Lavender Kush,\" is an indica marijuana strain. Built from strains around the world, Lavender by Soma Seeds has its origins from Super Skunk, Big Skunk Korean and Afghani Hawaiian. According to growers, this strain has dense buds that give off a floral and spicy aroma. It has a dark purple coloration at the ends of its leaves.",
  "thc_percent": 18,
  "rating_count": 801,
  "average_rating": 4.1,
  "classification": "Indica"
}