{
  "url": "https://www.leafly.com/strains/lemon-meringue",
  "name": "Lemon Meringue",
  "awards": [],
  "effects": [
    "Energetic",
    "Focused",
    "Uplifted"
  ],
  "flavors": [
    "Lemon",
    "Citrus",
    "Nutty"
  ],
  "lineage": [
    "Cookies and Cream",
    "Lemon Skunk"
  ],
  "medical": [
    "Depression",
    "Stress",
    "Anxiety"
  ],
  "terpenes": [
    "Terpinolene",
    "Caryophyllene",
    "Myrcene"
  ],
  "grow_info": {
    "yield": "medium",
    "height": "medium",
    "difficulty": "moderate",
    "flowering_time_weeks": null
  },
  "cbd_percent": 2,
  "description": "Lemon Meringue, also known as \"Lemon Meringue Pie,\" is a sativa marijuana strain bred by Exotic Genetix. Made from a sweet and zestful cross of Lemon Skunk and Cookies and Cream, this pungent strain emits a variety of aromas including citrus, diesel, and nuttiness. At the center of this bouquet is a tart slice of lemon meringue pie. Lemon Meringue effects offer uplifting and invigorating energy that encourages physical activity. This strain’s subtle motivational qualities and pleasant euphoria make it a go-to for folks combating fatigue, depression, and minor headaches.",
  "thc_percent": 21,
  "rating_count": 274,
  "average_rating": 4.6,
  "classification": "Sativa"
}