{
  "url": "https://www.leafly.com/strains/lemon-slush",
  "name": "Lemon Slush",
  "awards": [],
  "effects": [
    "Focused",
    "Happy",
    "Relaxed"
  ],
  "flavors": [
    "Lemon",
    "Citrus",
    "Ammonia"
  ],
  "lineage": [
    "Grape Pie",
    "Lemon OG"
  ],
  "medical": [
    "Anxiety",
    "Depression",
    "Pain"
  ],
  "terpenes": [
    "myrcene"
  ],
  "grow_info": {
    "yield": "medium",
    "height": "medium",
    "difficulty": "moderate",
    "flowering_time_weeks": null
  },
  "cbd_percent": null,
  "description": "Lemon Slush is a hybrid weed strain made from a genetic cross between Grape Pie and Lemon OG bred by Cannarado Seeds. Lemon Slush is 25% THC, making this strain an ideal choice for beginners. Leafly customers tell us Lemon Slush effects make them feel uplifted, happy, and relaxed. Medical marijuana patients often choose Lemon Slush when dealing with symptoms associated with pain, anxiety, and migraines. The dominant terpene of this cannabis strain is myrcene. Lemon Slush features an aroma of earthy citrus with a flavor profile of lemon and grapefruit.",
  "thc_percent": 25,
  "rating_count": 56,
  "average_rating": 4.5,
  "classification": "Hybrid"
}