{
  "url": "https://www.leafly.com/strains/lime-skunk",
  "name": "Lime Skunk",
  "awards": [],
  "effects": [
    "Energetic",
    "Focused",
    "Uplifted"
  ],
  "flavors": [
    "Lime",
    "Skunk",
    "Citrus"
  ],
  "lineage": [
    "Lemon Skunk",
    "Green Ribbon"
  ],
  "medical": [
    "Depression",
    "Stress",
    "Fatigue"
  ],
  "terpenes": [
    "Terpinolene",
    "Pinene",
    "Caryophyllene"
  ],
  "grow_info": {
    "yield": "medium",
    "height": "medium",
    "difficulty": "moderate",
    "flowering_time_weeks": null
  },
  "cbd_percent": null,
  "description": "Lime Skunk, not to be confused with Lime Green Skunk, is the odoriferous offspring of DNA Genetic’s Lemon Skunk and Exotic Genetix’ Green Ribbon BX, and the latest offering from Cresco Labs. This sativa-dominant strain by Exotic Genetix boasts THC content and an unparalleled aroma of fresh limes. Its racy yet clear-headed buzz is great for consumers looking to enjoy a flavorful connoisseur-grade strain while maintaining a high level of productivity.",
  "thc_percent": 21,
  "rating_count": 136,
  "average_rating": 4.7,
  "classification": "Sativa"
}