{
  "url": "https://www.leafly.com/strains/love-affair",
  "name": "Love Affair",
  "awards": [],
  "effects": [
    "sleepy",
    "relaxed",
    "euphoric"
  ],
  "flavors": [
    "lavender",
    "pepper",
    "lemon"
  ],
  "lineage": [
    "Gorilla Glue #4",
    "Alien Rock Candy"
  ],
  "medical": [
    "anxiety",
    "depression",
    "pain"
  ],
  "terpenes": [
    "caryophyllene",
    "limonene",
    "myrcene"
  ],
  "grow_info": {
    "yield": "medium",
    "height": "medium",
    "difficulty": "moderate",
    "flowering_time_weeks": null
  },
  "cbd_percent": null,
  "description": "Love Affair is a indica-dominant hybrid weed strain made from a genetic cross between Gorilla Glue #4 and Alien Rock Candy. Love Affair is 22% THC, making this strain an ideal choice for beginner cannabis consumers. Leafly customers tell us Love Affair’s effects include feeling sleepy, relaxed, and euphoric. Medical marijuana patients often choose Love Affair when dealing with symptoms associated with inflammation, insomnia, and lack of appetite. Bred by Proper Cannabis, Love Affair features flavors like lavender, pepper and lemon. The dominant terpene of this strain is caryophyllene.",
  "thc_percent": 22,
  "rating_count": 29,
  "average_rating": 4.2,
  "classification": "Hybrid"
}