{
  "url": "https://www.leafly.com/strains/maui-mango-diesel",
  "name": "Maui Mango Diesel",
  "awards": [],
  "effects": [
    "Energetic",
    "Uplifted",
    "Creative"
  ],
  "flavors": [
    "Mango",
    "Diesel",
    "Tropical"
  ],
  "lineage": [
    "Maui Wowie",
    "Brooklyn Mango"
  ],
  "medical": [
    "Depression",
    "Stress",
    "Fatigue"
  ],
  "terpenes": [
    "Myrcene",
    "Ocimene",
    "Caryophyllene"
  ],
  "grow_info": {
    "yield": "medium",
    "height": "medium",
    "difficulty": "moderate",
    "flowering_time_weeks": null
  },
  "cbd_percent": null,
  "description": "Maui Mango Diesel is a sativa-dominant hybrid of Maui Wowie and Brooklyn Mango bred by Pua Mana 1st Hawaiian Pakalōlō Seed Bank. The Maui Waui father was sourced from Lower Nāhiku Maui, while the mother is Dr. Underground’s Brooklyn Mango. Their combination results in a flavorful mix of sweet mango and tropical flavors that invigorate the senses and uplift your mood.",
  "thc_percent": 16,
  "rating_count": 28,
  "average_rating": 4.4,
  "classification": "Hybrid"
}