{
  "url": "https://www.leafly.com/strains/mob-boss",
  "name": "Mob Boss",
  "awards": [],
  "effects": [
    "Focused",
    "Talkative",
    "Happy"
  ],
  "flavors": [
    "Citrus",
    "Earthy",
    "Flowery"
  ],
  "lineage": [
    "Chemdawg",
    "Tang Tang"
  ],
  "medical": [
    "Depression",
    "Stress",
    "Anxiety"
  ],
  "terpenes": [
    "Myrcene",
    "Pinene",
    "Limonene"
  ],
  "grow_info": {
    "yield": "medium",
    "height": "medium",
    "difficulty": "moderate",
    "flowering_time_weeks": 9
  },
  "cbd_percent": null,
  "description": "Mob Boss, also known as \"Mob Boss Tang Tang,\" is a sativa-dominant hybrid marijuana strain made by crossing Chemdawg and Tang Tang. This strain originates from California and has earned fame for its staggeringly heavy resin production. Leafly reviewers tell us that Lime OG’s effects include feeling energetic, happy, and talkative. Medical marijuana patients and consumers tell us they use Mob Boss for quick relief of muscle tension, mood relief, and appetite stimulation. The flavor of Mob Boss is sweet and floral with herbal citrus undertones. According to growers, Mob Boss typically finishes flowering in 60-70 days indoors, but say this ultimately depends on how the traits are expressed. This strain was originally released in 2009 by Grindhouse Medical Seeds.",
  "thc_percent": 20,
  "rating_count": 311,
  "average_rating": 4.5,
  "classification": "Hybrid"
}