{
  "url": "https://www.leafly.com/strains/morning-star",
  "name": "Morning Star",
  "awards": [],
  "effects": [
    "Uplifted",
    "Energetic",
    "Euphoric"
  ],
  "flavors": [
    "Blueberry",
    "Orange",
    "Strawberry"
  ],
  "lineage": [],
  "medical": [
    "Stress",
    "Anxiety",
    "Migraines"
  ],
  "terpenes": [],
  "grow_info": {
    "yield": "null",
    "height": "null",
    "difficulty": "null",
    "flowering_time_weeks": null
  },
  "cbd_percent": null,
  "description": "A very potent strain of cannabis, Morning Star provides an uplifting and mind-expanding high. Sweet and expansive smoke, THC content as high as 24%.",
  "thc_percent": 24,
  "rating_count": 26,
  "average_rating": 4.3,
  "classification": "Hybrid"
}