{
  "url": "https://www.leafly.com/strains/motor-breath",
  "name": "Motor Breath",
  "awards": [],
  "effects": [
    "euphoric",
    "hungry",
    "relaxed"
  ],
  "flavors": [
    "diesel",
    "chemical",
    "pepper"
  ],
  "lineage": [
    "Chemdog",
    "SFV OG Kush"
  ],
  "medical": [
    "depression",
    "anxiety",
    "insomnia"
  ],
  "terpenes": [
    "limonene",
    "myrcene",
    "caryophyllene"
  ],
  "grow_info": {
    "yield": "medium",
    "height": "medium",
    "difficulty": "moderate",
    "flowering_time_weeks": null
  },
  "cbd_percent": null,
  "description": "Motor Breath is an indica weed strain made from a genetic cross between Chemdog and SFV OG Kush. This strain is a gassy and potent strain that will make you feel like you’re running on high-octane fuel. Motor Breath is 26% THC, making this strain an ideal choice for experienced cannabis consumers. Leafly customers tell us Motor Breath effects include relaxed, euphoric, and happy. Medical marijuana patients often choose Motor Breath when dealing with symptoms associated with anxiety, stress, and depression. Bred by Pisces Genetics, Motor Breath features flavors like diesel, chemical and pepper. The dominant terpene of this strain is myrcene. The average price of Motor Breath typically ranges from $40-$60 per eighth. If you’re looking for a strain that will make you feel relaxed, euphoric, and happy, Motor Breath might be the one for you. This strain has a pungent and skunky flavor that will make your nose burn and your eyes water.",
  "thc_percent": 26,
  "rating_count": 21,
  "average_rating": 4.2,
  "classification": "Hybrid"
}