{
  "url": "https://www.leafly.com/strains/narnia",
  "name": "Narnia",
  "awards": [],
  "effects": [
    "Creative",
    "Energetic",
    "Focused"
  ],
  "flavors": [
    "Citrus",
    "Pine",
    "Spicy/Herbal"
  ],
  "lineage": [
    "Jack Herer",
    "Trainwreck"
  ],
  "medical": [
    "Depression",
    "Stress",
    "Anxiety"
  ],
  "terpenes": [
    "Terpinolene",
    "Caryophyllene",
    "Limonene"
  ],
  "grow_info": {
    "yield": "medium",
    "height": "medium",
    "difficulty": "moderate",
    "flowering_time_weeks": null
  },
  "cbd_percent": null,
  "description": "Narnia, a strain developed by Advanced Growing Technologies, is the stimulating sativa-dominant cross of Jack Herer and Trainwreck. It has an incredibly fast onset, imbuing consumers with an amplified sense of their imaginations while promoting upbeat physical activity. This long-lasting strain has massive trichome production and a terpene profile rich with citrus tang, spice, and a touch of sweetness. Enjoy Narnia to enhance mood, encourage creativity, and nullify lethargy.",
  "thc_percent": 22,
  "rating_count": 92,
  "average_rating": 4.7,
  "classification": "Sativa"
}