{
  "url": "https://www.leafly.com/strains/paris-og",
  "name": "Paris OG",
  "awards": [
    "1st place in the 2014 Michigan High Times Cannabis Cup"
  ],
  "effects": [
    "Sleepy",
    "Relaxed",
    "Tingly"
  ],
  "flavors": [
    "Citrus",
    "Lemon",
    "Pine"
  ],
  "lineage": [
    "Headband",
    "Lemon OG"
  ],
  "medical": [
    "Stress",
    "Insomnia",
    "Anxiety"
  ],
  "terpenes": [
    "Caryophyllene",
    "Limonene",
    "Linalool"
  ],
  "grow_info": {
    "yield": "medium",
    "height": "medium",
    "difficulty": "moderate",
    "flowering_time_weeks": null
  },
  "cbd_percent": null,
  "description": "Paris OG, also known as \"Paris OG Kush\" and \"OG Paris,\" is an indica-dominant hybrid marijuana strain known for its calming effects that promote rest and relaxation. In terms of lineage, rumor has it that Paris OG descends from Headband and Lemon OG, who together pass on a sweet blend of fruity, citrus flavors. With victories in multiple competitions including 1st place in the 2014 Michigan High Times Cannabis Cup, Paris OG has undoubtedly secured itself a long-lasting reputation in the cannabis world.",
  "thc_percent": 22,
  "rating_count": 345,
  "average_rating": 4.6,
  "classification": "Indica"
}