{
  "url": "https://www.leafly.com/strains/platinum-huckleberry-cookies",
  "name": "Platinum Huckleberry Cookies",
  "awards": [],
  "effects": [
    "Euphoric",
    "Relaxed",
    "Creative"
  ],
  "flavors": [
    "Plum",
    "Spicy/Herbal",
    "Mint"
  ],
  "lineage": [
    "Platinum Girl Scout Cookies",
    "Oregon Huckleberry"
  ],
  "medical": [
    "Stress",
    "Depression",
    "Pain"
  ],
  "terpenes": [
    "Limonene",
    "Caryophyllene",
    "Pinene"
  ],
  "grow_info": {
    "yield": "high",
    "height": "medium",
    "difficulty": "moderate",
    "flowering_time_weeks": null
  },
  "cbd_percent": null,
  "description": "Platinum Huckleberry Cookies by Dynasty Seeds is a labor of love that began in 2014. This strain crosses a potent Platinum Girl Scout Cookies mother plant and Dynasty’s own Oregon Huckleberry father. The hybrid of these two strains offers growers higher yields, better internodal spacing, and a complexity of flavor few strains achieve. Its aroma is sour berries and mint while the flavor is hashy and floral. Platinum Huckleberry Cookies stimulates the mind with a rush of euphoria and crests into a full-body couchlock.",
  "thc_percent": 24,
  "rating_count": 50,
  "average_rating": 4.5,
  "classification": "Hybrid"
}