{
  "url": "https://www.leafly.com/strains/pluto",
  "name": "Pluto",
  "awards": [],
  "effects": [
    "Hungry",
    "Sleepy",
    "Relaxed"
  ],
  "flavors": [
    "Diesel",
    "Berry",
    "Blueberry"
  ],
  "lineage": [
    "Gelato #33",
    "Triangle Kush"
  ],
  "medical": [
    "Anxiety",
    "Depression",
    "Stress"
  ],
  "terpenes": [],
  "grow_info": {
    "yield": "medium",
    "height": "medium",
    "difficulty": "moderate",
    "flowering_time_weeks": null
  },
  "cbd_percent": null,
  "description": "Pluto is a weed strain from the California brand Gashouse in 2022. This indica strain is a cross of Gelato #33 and 1991 Triangle Kush backcrossed once, dubbed TK 91 Bx1. According to Gashouse, Seed Junky Genetics bred the strain, and Gashouse obtained a selection from those seeds. Pluto became available as feminized seeds in 2022.",
  "thc_percent": null,
  "rating_count": 30,
  "average_rating": 4.3,
  "classification": "Indica"
}