{
  "url": "https://www.leafly.com/strains/predator-pink",
  "name": "Predator Pink",
  "awards": [],
  "effects": [
    "Relaxed",
    "Happy",
    "Euphoric"
  ],
  "flavors": [
    "Sweet",
    "Tropical",
    "Berry"
  ],
  "lineage": [
    "Plushberry",
    "Starfighter"
  ],
  "medical": [
    "Stress",
    "Depression",
    "Pain"
  ],
  "terpenes": [],
  "grow_info": {
    "yield": "medium",
    "height": "medium",
    "difficulty": "moderate",
    "flowering_time_weeks": null
  },
  "cbd_percent": null,
  "description": "A cross between Plushberry and Starfighter, Predator Pink by Exotic Genetix is a 60/40 indica-dominant hybrid with a tropical candy flavor. Though less common than its green counterpart, some phenotypes express themselves in pastel pink and fuchsia hues. Beginning with a lift of the spirit and buzzing cerebral energy, Predator Pink’s effects eventually make their descent into meditative relaxation.",
  "thc_percent": null,
  "rating_count": 42,
  "average_rating": 4.5,
  "classification": "Hybrid"
}