{
  "url": "https://www.leafly.com/strains/puck-yeah",
  "name": "Puck Yeah",
  "awards": [],
  "effects": [
    "Euphoric",
    "Happy",
    "Creative"
  ],
  "flavors": [
    "Diesel",
    "Skunk",
    "Berry"
  ],
  "lineage": [
    "Super Skelly Hashplant",
    "Northern Lights #1"
  ],
  "medical": [
    "Depression",
    "Pain",
    "Stress"
  ],
  "terpenes": [
    "Skunky",
    "Earthy"
  ],
  "grow_info": {
    "yield": "medium",
    "height": "medium",
    "difficulty": "moderate",
    "flowering_time_weeks": null
  },
  "cbd_percent": null,
  "description": "Bred by Coastal Seeds, Puck Yeah crosses Super Skelly Hashplant x Northern Lights #1. This THC-dominant indica has a terpene profile featuring pungent skunky aromas with earthy and skunky flavors. Buds hold many shades of green and purple with burnt orange hairs.",
  "thc_percent": null,
  "rating_count": 14,
  "average_rating": 4.7,
  "classification": "Indica"
}