{
  "url": "https://www.leafly.com/strains/purple-cream",
  "name": "Purple Cream",
  "awards": [],
  "effects": [
    "Sleepy",
    "Tingly",
    "Hungry"
  ],
  "flavors": [
    "Tree fruit",
    "Lavender",
    "Pungent"
  ],
  "lineage": [],
  "medical": [
    "Stress",
    "Anxiety",
    "Pain"
  ],
  "terpenes": [
    "Myrcene",
    "Pinene",
    "Caryophyllene"
  ],
  "grow_info": {
    "yield": "medium",
    "height": "medium",
    "difficulty": "moderate",
    "flowering_time_weeks": null
  },
  "cbd_percent": 0,
  "description": "Purple Cream has been a favorite of anxiety sufferers for over a decade. Great for nighttime use, this indica is mellow and calming. Purple Cream produces a moderate body-heavy sensation, relaxing your muscles and easing stress. The effects of this strain are quite sedative and can last around two hours. Like other purples, Purple Cream’s aroma is sweet, floral, and earthy.",
  "thc_percent": 18,
  "rating_count": 96,
  "average_rating": 4.3,
  "classification": "Indica"
}