{
  "url": "https://www.leafly.com/strains/purple-ice",
  "name": "Purple Ice",
  "awards": [],
  "effects": [
    "Tingly",
    "Euphoric",
    "Creative"
  ],
  "flavors": [
    "Berry",
    "Grape",
    "Sweet"
  ],
  "lineage": [],
  "medical": [
    "Anxiety",
    "Stress",
    "Pain"
  ],
  "terpenes": [
    "Myrcene",
    "Caryophyllene",
    "Limonene"
  ],
  "grow_info": {
    "yield": "medium",
    "height": "medium",
    "difficulty": "moderate",
    "flowering_time_weeks": null
  },
  "cbd_percent": 0,
  "description": "If you’re looking to knock out stress in a hurry, Purple Ice may be the strain for you. Potent and relaxing, this hybrid is good for any time of day. Slightly sativa-dominant, Purple Ice produces euphoric and focused effects in users. This strain is known for creating a calming, tingly sensation that begins in the head before traveling to the rest of your body. Purple Ice features a slight blueberry scent and a mellow taste, making it a great strain for new users.",
  "thc_percent": 21,
  "rating_count": 57,
  "average_rating": 4.4,
  "classification": "Hybrid"
}