{
  "url": "https://www.leafly.com/strains/purple-bubba",
  "name": "Purple Bubba",
  "awards": [],
  "effects": [
    "Sleepy",
    "Hungry",
    "Relaxed"
  ],
  "flavors": [
    "Berry",
    "Grape",
    "Earthy"
  ],
  "lineage": [
    "Bubba Kush",
    "Purple Kush"
  ],
  "medical": [
    "Stress",
    "Anxiety",
    "Pain"
  ],
  "terpenes": [
    "Caryophyllene",
    "Limonene",
    "Pinene"
  ],
  "grow_info": {
    "yield": "medium",
    "height": "medium",
    "difficulty": "moderate",
    "flowering_time_weeks": null
  },
  "cbd_percent": null,
  "description": "Purple Bubba, also known as \"Purple Bubba Kush,\" is an indica marijuana strain made by a cross of two well-known indica strains: Bubba Kush and Purple Kush. Given these potent genetics, you can be sure that a few puffs of this smooth and fruity tasting strain will leave you stuck to your chair with an intense body high. According to medical marijuana patients, Purple Bubba can be beneficial for symptoms associated with chronic pain, loss of appetite, anxiety, and insomnia.",
  "thc_percent": 18,
  "rating_count": 50,
  "average_rating": 4.5,
  "classification": "Indica"
}