{
  "url": "https://www.leafly.com/strains/purple-hindu-kush",
  "name": "Purple Hindu Kush",
  "awards": [],
  "effects": [
    "Sleepy",
    "Relaxed",
    "Hungry"
  ],
  "flavors": [
    "Earthy",
    "Woody",
    "Grape"
  ],
  "lineage": [
    "Hindu Kush",
    "Purple Afghani"
  ],
  "medical": [
    "Stress",
    "Anxiety",
    "Insomnia"
  ],
  "terpenes": [
    "Limonene",
    "Caryophyllene",
    "Pinene"
  ],
  "grow_info": {
    "yield": "medium",
    "height": "medium",
    "difficulty": "moderate",
    "flowering_time_weeks": null
  },
  "cbd_percent": null,
  "description": "A cross between Hindu Kush and Purple Afghani, Purple Hindu Kush is almost pure indica and offers the kind of high one would expect from its lineage: deep relaxation along with pronounced pain relief. Featuring dense lavender flowers with bright orange pistils and a thick blanket of trichomes, as well as a pungent sour grape and citrus flavor, PHK will be sure to please indica lovers everywhere.",
  "thc_percent": 20,
  "rating_count": 281,
  "average_rating": 4.7,
  "classification": "Indica"
}