{
  "url": "https://www.leafly.com/strains/rainbow-belt",
  "name": "Rainbow Belts",
  "awards": [],
  "effects": [
    "Giggly",
    "Relaxed",
    "Talkative"
  ],
  "flavors": [
    "Tropical",
    "Tree fruit",
    "Apricot"
  ],
  "lineage": [
    "Moonbow",
    "Zkittlez"
  ],
  "medical": [
    "Stress",
    "Anxiety",
    "Depression"
  ],
  "terpenes": [
    "Caryophyllene",
    "Linalool",
    "Limonene"
  ],
  "grow_info": {
    "yield": "medium",
    "height": "medium",
    "difficulty": "moderate",
    "flowering_time_weeks": 9
  },
  "cbd_percent": null,
  "description": "Rainbow Belts, also known as \"Rainbow Belt,\" is an indica marijuana strain made from by crossing Moonbow with Zkittlez. The effects of Rainbow Belts are mostly calming. Consumers say this strain offers a euphoric high that leaves you feeling happy and relaxed. Rainbow Belts is 20% THC, making this strain an ideal choice for cannabis consumers with a high THC tolerance. Rainbow Belts has sedating qualities so it's best to enjoy this strain during the evening hours. The flavor and aroma of this strain may remind you of sweet and fruity candy. Medical marijuana patients choose Rainbow Belts to relieve symptoms associated with insomnia. This strain is bred by Archive Seed Bank and Purple City Genetics.",
  "thc_percent": 20,
  "rating_count": 135,
  "average_rating": 4.5,
  "classification": "Hybrid"
}