{
  "url": "https://www.leafly.com/strains/raspberry-lemonade",
  "name": "Raspberry Lemonade",
  "awards": [],
  "effects": [
    "Energetic",
    "Happy",
    "Creative"
  ],
  "flavors": [
    "Citrus",
    "Berry",
    "Sweet"
  ],
  "lineage": [
    "Raspberry Kush",
    "Lemonade"
  ],
  "medical": [
    "Fatigue",
    "Stress",
    "Depression"
  ],
  "terpenes": [
    "Myrcene",
    "Limonene",
    "Caryophyllene"
  ],
  "grow_info": {
    "yield": "medium",
    "height": "medium",
    "difficulty": "easy",
    "flowering_time_weeks": null
  },
  "cbd_percent": 0,
  "description": "Raspberry Lemonade is a sativa weed strain made from a genetic cross between Lemonade and Raspberry Kush. Raspberry Lemonade is 20% THC, making this strain an ideal choice for beginner cannabis consumers. Leafly customers tell us Raspberry Lemonade effects include feeling energetic, happy, and creative. Medical marijuana patients often choose Raspberry Lemonade when dealing with symptoms associated with fatigue, stress, and depression. Bred by unknown breeders, Raspberry Lemonade features flavors like citrus, berry, and sweet. The dominant terpene of this strain is limonene.",
  "thc_percent": 20,
  "rating_count": 7,
  "average_rating": 4.3,
  "classification": "Sativa"
}