{
  "url": "https://www.leafly.com/strains/red-velvet",
  "name": "Red Velvet",
  "awards": [
    "Leafly Buzz strain of May 2022"
  ],
  "effects": [
    "Aroused",
    "Tingly",
    "Focused"
  ],
  "flavors": [
    "Rose",
    "Flowery",
    "Lavender"
  ],
  "lineage": [
    "Lemon Cherry Gelato",
    "Pina Acai"
  ],
  "medical": [
    "Anxiety",
    "Depression",
    "Stress"
  ],
  "terpenes": [],
  "grow_info": {
    "yield": "null",
    "height": "null",
    "difficulty": "null",
    "flowering_time_weeks": null
  },
  "cbd_percent": null,
  "description": "Red Velvet is a hybrid marijuana strain crossing a Lemon Cherry Gelato to a Pina Acai. Bred by Grandiflora of Oakland, Red Velvet is carried by the brand Cookies. It can have a super unique cinnamon/red hot aroma, and hybrid effects.",
  "thc_percent": 26,
  "rating_count": 90,
  "average_rating": 4.5,
  "classification": "Hybrid"
}