{
  "url": "https://www.leafly.com/strains/redwood-kush",
  "name": "Redwood Kush",
  "awards": [],
  "effects": [
    "Sleepy",
    "Relaxed",
    "Euphoric"
  ],
  "flavors": [
    "Woody",
    "Pine",
    "Earthy"
  ],
  "lineage": [
    "Redwood Kush",
    "Arnold Palmer"
  ],
  "medical": [
    "Stress",
    "Pain",
    "Insomnia"
  ],
  "terpenes": [
    "Caryophyllene",
    "Limonene",
    "Humulene"
  ],
  "grow_info": {
    "yield": "medium",
    "height": "medium",
    "difficulty": "moderate",
    "flowering_time_weeks": null
  },
  "cbd_percent": 0,
  "description": "Consuming this strain is like taking a long walk through the forests of its namesake. Relaxing and blissful, Redwood Kush provides consumers with a feeling of peace and ease. Taking after the earthy Northern California environment, this strain features a pine-like, herbal scent. Best for nighttime use, Redwood Kush has sedative, tingly body effects. Don’t expect to get much done after using this indica, as most consumers feel spacey and are unable to focus or get work done.",
  "thc_percent": 14,
  "rating_count": 206,
  "average_rating": 4.4,
  "classification": "Indica"
}