{
  "url": "https://www.leafly.com/strains/sensi-skunk",
  "name": "Sensi Skunk",
  "awards": [],
  "effects": [
    "Relaxed",
    "Creative",
    "Happy"
  ],
  "flavors": [
    "Sweet",
    "Citrus",
    "Earthy"
  ],
  "lineage": [
    "Skunk #1"
  ],
  "medical": [
    "Stress",
    "Pain",
    "Depression"
  ],
  "terpenes": [
    "Caryophyllene",
    "Humulene",
    "Myrcene"
  ],
  "grow_info": {
    "yield": "high",
    "height": "medium",
    "difficulty": "easy",
    "flowering_time_weeks": 8
  },
  "cbd_percent": 0,
  "description": "Sensi Skunk from Sensi Seeds is a potent Skunk #1 hybrid that offers a sweet citrus flavor in contrast with the earthy, herbal aroma typical of Skunk varieties. The indica-driven effects produce a calm and euphoric buzz that relaxes tense muscles and alleviates stress. A great choice for indoor gardeners, Sensi Skunk boasts a short flowering cycle with heavy yields. Sensi Seeds has also released feminized and auto-flowering versions for those looking to streamline the cultivation process.",
  "thc_percent": 13,
  "rating_count": 37,
  "average_rating": 4.4,
  "classification": "Indica"
}