{
  "url": "https://www.leafly.com/strains/sherbacio",
  "name": "Sherbacio",
  "awards": [],
  "effects": [
    "Talkative",
    "Euphoric",
    "Uplifted"
  ],
  "flavors": [
    "Nutty",
    "Sweet",
    "Flowery"
  ],
  "lineage": [
    "Sunset Sherbert",
    "Gelato #41"
  ],
  "medical": [
    "Anxiety",
    "Stress",
    "Depression"
  ],
  "terpenes": [
    "Caryophyllene",
    "Limonene",
    "Humulene"
  ],
  "grow_info": {
    "yield": "medium",
    "height": "medium",
    "difficulty": "moderate",
    "flowering_time_weeks": null
  },
  "cbd_percent": null,
  "description": "Noted for being a great strain when you need a positive shift in mood, Sherbacio by Alien Labs will bring an upswing to your day. Bred by crossing Sunset Sherbert with Gelato #41, this strain offers a lip-smackingly good terpene profile. Expect a sweet candy flavor upfront that’s backed by a gassy finish. Dense buds offer rich purple hues that glisten with tons of trichomes.",
  "thc_percent": 18,
  "rating_count": 41,
  "average_rating": 4.7,
  "classification": "Hybrid"
}