{
  "url": "https://www.leafly.com/strains/slurricane",
  "name": "Slurricane",
  "awards": [],
  "effects": [
    "Sleepy",
    "Relaxed",
    "Hungry"
  ],
  "flavors": [
    "Berry",
    "Pepper",
    "Flowery"
  ],
  "lineage": [
    "Do-Si-Dos",
    "Purple Punch"
  ],
  "medical": [
    "Anxiety",
    "Insomnia",
    "Stress"
  ],
  "terpenes": [
    "Caryophyllene",
    "Limonene",
    "Myrcene"
  ],
  "grow_info": {
    "yield": "medium",
    "height": "medium",
    "difficulty": "moderate",
    "flowering_time_weeks": null
  },
  "cbd_percent": null,
  "description": "Slurricane is an indica marijuana strain made by crossing Do-Si-Dos with Purple Punch. Slurricane produces relaxing effects that come on slowly. This strain has a sweet flavor profile, with subtle grape and sugary berries. Slurricane is the ideal strain for relaxing after a long day and will likely leave you locked to your sofa. Medical marijuana patients choose this strain to help relieve symptoms associated with insomnia.",
  "thc_percent": 21,
  "rating_count": 496,
  "average_rating": 4.5,
  "classification": "Indica"
}