{
  "url": "https://www.leafly.com/strains/smile",
  "name": "Smile",
  "awards": [],
  "effects": [
    "Energetic",
    "Uplifted",
    "Happy"
  ],
  "flavors": [
    "Sage",
    "Blueberry",
    "Mango"
  ],
  "lineage": [],
  "medical": [
    "Depression",
    "Stress",
    "Fatigue"
  ],
  "terpenes": [
    "Myrcene",
    "Pinene",
    "Caryophyllene"
  ],
  "grow_info": {
    "yield": "null",
    "height": "null",
    "difficulty": "null",
    "flowering_time_weeks": null
  },
  "cbd_percent": null,
  "description": "Smile is a sativa-dominant hybrid marijuana strain. We're still learning about the flavors and effects of Smile - if you've smoked, dabbed, or consumed this strain before, tell us about it by leaving a review.",
  "thc_percent": 17,
  "rating_count": 5,
  "average_rating": 4.6,
  "classification": "Hybrid"
}