{
  "url": "https://www.leafly.com/strains/snowball",
  "name": "Snowball",
  "awards": [],
  "effects": [
    "Relaxed",
    "Euphoric",
    "Happy"
  ],
  "flavors": [
    "Chemical",
    "Nutty",
    "Diesel"
  ],
  "lineage": [
    "The White",
    "Chem 4 OG"
  ],
  "medical": [
    "Anxiety",
    "Stress",
    "Pain"
  ],
  "terpenes": [
    "Caryophyllene",
    "Myrcene",
    "Limonene"
  ],
  "grow_info": {
    "yield": "high",
    "height": "medium",
    "difficulty": "moderate",
    "flowering_time_weeks": null
  },
  "cbd_percent": null,
  "description": "Ethos Genetics bred Snowball by crossing The White with Chem 4 OG to produce large buds with a dense structure and massive resin production. Flowers will sometimes be an eye-catching purple among white trichomes. They hold a gassy, creamy, and earthy terpene profile that will entice any OG lover.",
  "thc_percent": 23,
  "rating_count": 67,
  "average_rating": 4.5,
  "classification": "Hybrid"
}