{
  "url": "https://www.leafly.com/strains/sour-pez",
  "name": "Sour Pez",
  "awards": [],
  "effects": [
    "Euphoric",
    "Focused",
    "Uplifted"
  ],
  "flavors": [
    "Blueberry",
    "Diesel",
    "Berry"
  ],
  "lineage": [
    "Sour Pez",
    "Pink Alien"
  ],
  "medical": [
    "Pain",
    "Stress",
    "Anxiety"
  ],
  "terpenes": [
    "Myrcene",
    "Pinene",
    "Limonene"
  ],
  "grow_info": {
    "yield": "medium",
    "height": "medium",
    "difficulty": "moderate",
    "flowering_time_weeks": null
  },
  "cbd_percent": 12,
  "description": "Sour Pez is an indica-dominant hybrid marijuana strain bred by La Plata Labs. We're still learning about the flavors and effects of Sour Pez - if you've smoked, dabbed, or consumed this strain before, tell us about it by leaving a review.",
  "thc_percent": 8,
  "rating_count": 11,
  "average_rating": 4.3,
  "classification": "Hybrid"
}