{
  "url": "https://www.leafly.com/strains/sour-tangie",
  "name": "Sour Tangie",
  "awards": [],
  "effects": [
    "Focused",
    "Energetic",
    "Uplifted"
  ],
  "flavors": [
    "Citrus",
    "Orange",
    "Diesel"
  ],
  "lineage": [
    "East Coast Sour Diesel",
    "Tangie"
  ],
  "medical": [
    "Depression",
    "Stress",
    "Anxiety"
  ],
  "terpenes": [
    "Myrcene",
    "Caryophyllene",
    "Limonene"
  ],
  "grow_info": {
    "yield": "medium",
    "height": "medium",
    "difficulty": "moderate",
    "flowering_time_weeks": 9
  },
  "cbd_percent": 0,
  "description": "Tangie, also known as \"Sunva,\" is a popular sativa marijuana strain. Bred by DNA Genetics, Sour Tangie is an 80% sativa cross between East Coast Sour Diesel and Tangie. Sour Tangie brings together the classic Sour Diesel aroma with Tangie’s creative, elevating buzz and strong citrus overtones. This sativa has two different phenotypes that express either Sour Diesel or Tangie bud structures and effects.",
  "thc_percent": 18,
  "rating_count": 761,
  "average_rating": 4.5,
  "classification": "Sativa"
}