{
  "url": "https://www.leafly.com/strains/sour-mango",
  "name": "Sour Mango",
  "awards": [],
  "effects": [
    "happy",
    "relaxed",
    "hungry"
  ],
  "flavors": [
    "mango",
    "peach",
    "citrus"
  ],
  "lineage": [
    "Sour Diesel",
    "Mango Haze"
  ],
  "medical": [
    "anxiety",
    "inflammation",
    "headaches"
  ],
  "terpenes": [
    "myrcene"
  ],
  "grow_info": {
    "yield": "medium",
    "height": "medium",
    "difficulty": "easy",
    "flowering_time_weeks": null
  },
  "cbd_percent": null,
  "description": "Sour Mango is a sativa-dominant hybrid weed strain made from a genetic cross between Sour Diesel and Mango Haze. Bred by Mr. Nice Seeds, Sour Mango is 18% THC, making this strain an ideal choice for beginner cannabis consumers. Leafly customers tell us Sour Mango effects make them feel happy, relaxed, and hungry. Medical marijuana patients often choose Sour Mango when dealing with symptoms associated with anxiety, inflammation, and headaches. The dominant terpene of this cannabis strain is myrcene. Sour Mango features an aroma and flavor profile of mango, peach, and citrus.",
  "thc_percent": 18,
  "rating_count": 18,
  "average_rating": 4.2,
  "classification": "Hybrid"
}