{
  "url": "https://www.leafly.com/strains/space-queen",
  "name": "Space Queen",
  "awards": [],
  "effects": [
    "Uplifted",
    "Euphoric",
    "Happy"
  ],
  "flavors": [
    "Pear",
    "Apple",
    "Flowery"
  ],
  "lineage": [
    "Cinderella 99",
    "Romulan"
  ],
  "medical": [
    "Stress",
    "Depression",
    "Anxiety"
  ],
  "terpenes": [
    "Caryophyllene",
    "Humulene",
    "Limonene"
  ],
  "grow_info": {
    "yield": "high",
    "height": "tall",
    "difficulty": "moderate",
    "flowering_time_weeks": 8
  },
  "cbd_percent": 0,
  "description": "Space Queen is a hybrid marijuana strain made by crossing Romulan and Cinderella 99. This strain provides effects that intensely trippy and speedy. If you enjoy a buzzy head high, Space Queen is your ticket. This strain features an aroma of apples, vanilla, and cherries.",
  "thc_percent": 21,
  "rating_count": 619,
  "average_rating": 4.4,
  "classification": "Hybrid"
}