{
  "url": "https://www.leafly.com/strains/stank-breath",
  "name": "Stank Breath",
  "awards": [],
  "effects": [
    "Hungry",
    "Energetic",
    "Relaxed"
  ],
  "flavors": [
    "Apricot",
    "Blue Cheese",
    "Diesel"
  ],
  "lineage": [],
  "medical": [
    "Anxiety",
    "Depression",
    "Fibromyalgia"
  ],
  "terpenes": [
    "Caryophyllene",
    "Humulene",
    "Limonene"
  ],
  "grow_info": {
    "yield": "medium",
    "height": "medium",
    "difficulty": "moderate",
    "flowering_time_weeks": null
  },
  "cbd_percent": 0,
  "description": "Stank Breath is a hybrid weed strain. Reviewers on Leafly say this strain makes them feel hungry, energetic, and relaxed. Stank Breath has 23% THC. The dominant terpene in this strain is caryophyllene.",
  "thc_percent": 23,
  "rating_count": 16,
  "average_rating": 4.9,
  "classification": "Hybrid"
}