{
  "url": "https://www.leafly.com/strains/star-killer",
  "name": "Star Killer",
  "awards": [
    "Best Hybrid Flower at the 2016 Colorado Cannabis Cup"
  ],
  "effects": [
    "Sleepy",
    "Relaxed",
    "Tingly"
  ],
  "flavors": [
    "Earthy",
    "Pungent",
    "Lemon"
  ],
  "lineage": [
    "Mazar x Blueberry OG",
    "Rare Dankness #1"
  ],
  "medical": [
    "Anxiety",
    "Stress",
    "Pain"
  ],
  "terpenes": [
    "Caryophyllene",
    "Limonene",
    "Myrcene"
  ],
  "grow_info": {
    "yield": "medium",
    "height": "medium",
    "difficulty": "moderate",
    "flowering_time_weeks": 9
  },
  "cbd_percent": null,
  "description": "Star Killer, also known as \"Star Killer OG,\" and \"Starkiller,\" is an indica-dominant hybrid marijuana strain and winner of Best Hybrid Flower at the 2016 Colorado Cannabis Cup. Star Killer is 70% indica, and is made by crossing Mazar x Blueberry OG with Rare Dankness. The dense, purple buds offer a sweet, lemon flavor, and aid in treating pain, insomnia, AIDS, PTSD, and Gastrointestinal Disorder. Star Killer produces medium to high yields and can be grown both indoors and outdoors, with an average flowering time of 65 days.",
  "thc_percent": 21,
  "rating_count": 359,
  "average_rating": 4.6,
  "classification": "Hybrid"
}