{
  "url": "https://www.leafly.com/strains/stephen-hawking-kush",
  "name": "Stephen Hawking Kush",
  "awards": [],
  "effects": [
    "Relaxed",
    "Focused",
    "Sleepy"
  ],
  "flavors": [
    "Mint",
    "Woody",
    "Earthy"
  ],
  "lineage": [
    "Harle-Tsu",
    "Sin City Kush"
  ],
  "medical": [
    "Anxiety",
    "Pain",
    "Insomnia"
  ],
  "terpenes": [],
  "grow_info": {
    "yield": "high",
    "height": "medium",
    "difficulty": "moderate",
    "flowering_time_weeks": 8
  },
  "cbd_percent": null,
  "description": "Stephen Hawking Kush, or SHK, is the second release in the Great Minds series of seeds from Alphakronik Genes. Named for famed scientist Dr. Stephen Hawking, SHK was created by pollenating a Harle-Tsu female with a Sin City Kush male. This indica-dominant hybrid is also part of Alphakrokik Genes’ CBD+ line of genetics that emphasize high-CBD strains. There are 3 known phenotypes of Stephen Hawking Kush, all with vivid cherry and berry flavors that mix with a minty note. The soothing, relaxing effects help keep pain away and also stimulate your stomach to suppress nausea.",
  "thc_percent": null,
  "rating_count": 65,
  "average_rating": 4.6,
  "classification": "Indica"
}