{
  "url": "https://www.leafly.com/strains/strawnana-cookies",
  "name": "Strawnana Cookies",
  "awards": [],
  "effects": [
    "Focused",
    "Uplifted",
    "Energetic"
  ],
  "flavors": [
    "Chemical",
    "Strawberry",
    "Berry"
  ],
  "lineage": [
    "Zanana",
    "Strawberry Slush"
  ],
  "medical": [
    "Depression",
    "Arthritis",
    "Fatigue"
  ],
  "terpenes": [],
  "grow_info": {
    "yield": "null",
    "height": "null",
    "difficulty": "null",
    "flowering_time_weeks": null
  },
  "cbd_percent": null,
  "description": "Strawnana Cookies, also known as Stranana,, is a hybrid weed strain. Reviewers on Leafly say this strain makes them feel focused, uplifted, and energetic.",
  "thc_percent": null,
  "rating_count": 15,
  "average_rating": 3.7,
  "classification": "Hybrid"
}