{
  "url": "https://www.leafly.com/strains/strawberry-lemonade",
  "name": "Strawberry Lemonade",
  "awards": [
    "1st in High Times’ 2015 Denver Cannabis Cup as Best Sativa Concentrate"
  ],
  "effects": [
    "Energetic",
    "Uplifted",
    "Giggly"
  ],
  "flavors": [
    "Lemon",
    "Strawberry",
    "Rose"
  ],
  "lineage": [
    "Strawberry Cough",
    "Lemon OG"
  ],
  "medical": [
    "Stress",
    "Anxiety",
    "Depression"
  ],
  "terpenes": [
    "Myrcene",
    "Caryophyllene",
    "Pinene"
  ],
  "grow_info": {
    "yield": "medium",
    "height": "medium",
    "difficulty": "moderate",
    "flowering_time_weeks": null
  },
  "cbd_percent": 0,
  "description": "Strawberry Lemonade is a sativa-dominant weed strain that took 1st in High Times’ 2015 Denver Cannabis Cup as “Best Sativa Concentrate.” The supposed cross of Strawberry Cough and Lemon OG and is bred by Barney's Farm. Strawberry Lemonade is 20% THC, making this strain an ideal choice for experienced cannabis consumers. Leafly customers tell us Strawberry Lemonade effects are energizing, euphoric, and uplifting. Medical marijuana patients often choose Strawberry Lemonade when dealing with symptoms associated with chronic pain, depression, and fatigue. The dominant terpene of Strawberry Lemonade is Myrcene, featuring a sweet citrus aroma with a tangy lemon and berry flavor profile.",
  "thc_percent": 20,
  "rating_count": 298,
  "average_rating": 4.4,
  "classification": "Sativa"
}