{
  "url": "https://www.leafly.com/strains/sundae-driver",
  "name": "Sundae Driver",
  "awards": [],
  "effects": [
    "Relaxed",
    "Giggly",
    "Happy"
  ],
  "flavors": [
    "Flowery",
    "Grape",
    "Sweet"
  ],
  "lineage": [
    "FPOG",
    "Grape Pie"
  ],
  "medical": [
    "Anxiety",
    "Stress",
    "Depression"
  ],
  "terpenes": [
    "Limonene",
    "Caryophyllene",
    "Myrcene"
  ],
  "grow_info": {
    "yield": "medium",
    "height": "medium",
    "difficulty": "moderate",
    "flowering_time_weeks": null
  },
  "cbd_percent": null,
  "description": "Sundae Driver, also known as \"Sunday Driver,\" is a hybrid marijuana strain made by crossing FPOG with Grape Pie. Leafly reviewers tell us that Sundae Driver’s effects include feeling relaxed, giggly, and happy. Sundae Driver has a sweet, mellow and creamy flavor. Growers say this strain comes in light green and purple buds that are drenched in trichomes.",
  "thc_percent": 22,
  "rating_count": 534,
  "average_rating": 4.6,
  "classification": "Hybrid"
}