{
  "url": "https://www.leafly.com/strains/sunset",
  "name": "Sunset",
  "awards": [],
  "effects": [
    "Sleepy",
    "Relaxed",
    "Tingly"
  ],
  "flavors": [
    "Earthy",
    "Spicy"
  ],
  "lineage": [
    "Sunset OG",
    "Cali Sunset",
    "Miami Sunset"
  ],
  "medical": [
    "Anxiety",
    "Stress",
    "Depression"
  ],
  "terpenes": [
    "Caryophyllene",
    "Myrcene",
    "Limonene"
  ],
  "grow_info": {
    "yield": "medium",
    "height": "medium",
    "difficulty": "moderate",
    "flowering_time_weeks": null
  },
  "cbd_percent": null,
  "description": "Sunset, also known as \"Sunset OG,\" is an indica marijuana strain made by crossing Grown by Canadian LP Leafs By Snoop, Sunset is a THC powerhouse with heavily physical effects. Flavors are earthy and spicy, bringing about euphorically sedative effects. Lovers of couchlock strains or any patients seeking relief from anxiety and/or pain should definitely give Sunset a try.",
  "thc_percent": 18,
  "rating_count": 84,
  "average_rating": 4.2,
  "classification": "Indica"
}