{
  "url": "https://www.leafly.com/strains/sunshine",
  "name": "Sunshine",
  "awards": [],
  "effects": [
    "Uplifted",
    "Creative",
    "Happy"
  ],
  "flavors": [
    "Citrus",
    "Tropical",
    "Earthy"
  ],
  "lineage": [
    "Chemdawg",
    "Sunshine Daydream"
  ],
  "medical": [
    "Depression",
    "Stress",
    "Anxiety"
  ],
  "terpenes": [
    "Myrcene",
    "Limonene",
    "Caryophyllene"
  ],
  "grow_info": {
    "yield": "medium",
    "height": "medium",
    "difficulty": "moderate",
    "flowering_time_weeks": null
  },
  "cbd_percent": null,
  "description": "Sunshine, also known as \"Sunshine OG,\" is a sativa marijuana strain made by crossing Chemdawg and Sunshine Daydream. You can expect Sunshine to deliver blissful, happy, and uplifting effects - even on the darkest days. This strain offers fruity citrus flavors with tropical undertones. Medical marijuana patients choose Sunshine to help relieve symptoms associated with pain, nausea and appetite loss. Growers say this strain has light green buds that glisten with trichomes.",
  "thc_percent": 24,
  "rating_count": 130,
  "average_rating": 4.6,
  "classification": "Sativa"
}