{
  "url": "https://www.leafly.com/strains/super-green-crack",
  "name": "Super Green Crack",
  "awards": [],
  "effects": [
    "Energetic",
    "Focused",
    "Uplifted"
  ],
  "flavors": [
    "Citrus",
    "Lemon",
    "Skunk"
  ],
  "lineage": [
    "Super Silver Haze",
    "Green Crack"
  ],
  "medical": [
    "Depression",
    "Stress",
    "Fatigue"
  ],
  "terpenes": [],
  "grow_info": {
    "yield": "medium",
    "height": "medium",
    "difficulty": "moderate",
    "flowering_time_weeks": null
  },
  "cbd_percent": null,
  "description": "Super Green Crack is a true sativa. Like a cup of strong coffee, this strain will give you a hefty boost of energy to start your day. The daughter of Super Silver Haze and Green Crack, Super Green Crack is vivacious, thoughtful, and creative. This strain is perfect for those looking to combat fatigue or depression. Super Green Crack features an extremely pungent aroma, producing a strong skunk-like scent. The effects of this strain are moderate to long-lasting, and a little goes a long way.",
  "thc_percent": null,
  "rating_count": 111,
  "average_rating": 4.3,
  "classification": "Sativa"
}