{
  "url": "https://www.leafly.com/strains/suzy-q",
  "name": "Suzy Q",
  "awards": [],
  "effects": [
    "Focused",
    "Uplifted",
    "Relaxed"
  ],
  "flavors": [
    "Pine",
    "Pineapple",
    "Spicy/Herbal"
  ],
  "lineage": [],
  "medical": [
    "Pain",
    "Inflammation",
    "Stress"
  ],
  "terpenes": [
    "Myrcene",
    "Pinene",
    "Caryophyllene"
  ],
  "grow_info": {
    "yield": "medium",
    "height": "medium",
    "difficulty": "easy",
    "flowering_time_weeks": null
  },
  "cbd_percent": 12,
  "description": "Suzy Q is a high-CBD, low-THC strain with a piney taste that helps treat symptoms with little to no euphoric high. This hybrid is great for daytime use or by those who want to relieve chronic pain, nausea, arthritis, muscle spasms, and anxiety without intoxicating effects.",
  "thc_percent": 1,
  "rating_count": 34,
  "average_rating": 4.2,
  "classification": "Hybrid"
}