{
  "url": "https://www.leafly.com/strains/the-glove",
  "name": "The Glove",
  "awards": [
    "2022's Leafly Strain of the Year"
  ],
  "effects": [
    "Relaxed",
    "Giggly",
    "Energetic"
  ],
  "flavors": [
    "Ammonia",
    "Cheese",
    "Chemical"
  ],
  "lineage": [
    "Gary Payton",
    "Jealousy"
  ],
  "medical": [
    "Anxiety",
    "Nausea",
    "Stress"
  ],
  "terpenes": [
    "Myrcene",
    "Limonene",
    "Caryophyllene"
  ],
  "grow_info": {
    "yield": "medium",
    "height": "medium",
    "difficulty": "moderate",
    "flowering_time_weeks": null
  },
  "cbd_percent": 0,
  "description": "The Glove is a cannabis strain released in 2022, combining Gary Payton x Jealousy. Unlike other knockoffs, Cookies' The Glove is a collaboration between breeders Seed Junky Genetics and Powerzzzup. Jealousy is 2022's Leafly Strain of the Year. Gary Payton came out in 2019 and has become a top 200 popular strain in US dispensaries. We're still studying the flavors and effects of The Glove.",
  "thc_percent": 18,
  "rating_count": 17,
  "average_rating": 4.3,
  "classification": "Hybrid"
}