{
  "url": "https://www.leafly.com/strains/thin-mint",
  "name": "Thin Mint",
  "awards": [],
  "effects": [
    "Relaxed",
    "Tingly",
    "Euphoric"
  ],
  "flavors": [
    "Mint",
    "Menthol",
    "Sweet"
  ],
  "lineage": [
    "OG Kush",
    "F1 Durb"
  ],
  "medical": [
    "Stress",
    "Depression",
    "Anxiety"
  ],
  "terpenes": [
    "Caryophyllene",
    "Limonene",
    "Linalool"
  ],
  "grow_info": {
    "yield": "medium",
    "height": "medium",
    "difficulty": "moderate",
    "flowering_time_weeks": "7 - 9"
  },
  "cbd_percent": null,
  "description": "Thin Mint is a hybrid marijuana strain that was one of the main sub-types of the legendary GSC strain. Dark green and royal purple hues peek through a heavy coat of crystals, with a sweet minty smell that gives a full explanation of this strain’s name. Thin Mint calls upon the powers of its indica, sativa, and hybrid ancestors for a powerful full-body effect that gives this strain its sterling reputation. The high psychoactivity of this strain is not for novice consumers, but patients with a variety of symptoms are giving Thin Mint their seal of approval: severe pain, nausea, swelling, insomnia, and appetite loss are no match for the potency of Thin Mint.",
  "thc_percent": 20,
  "rating_count": 891,
  "average_rating": 4.6,
  "classification": "Hybrid"
}