{
  "url": "https://www.leafly.com/strains/tjs-cbd",
  "name": "TJ's CBD",
  "awards": [
    "Best High-CBD Flower at the 2015 Oregon DOPE Cup"
  ],
  "effects": [
    "Focused",
    "Happy",
    "Creative"
  ],
  "flavors": [
    "Skunky",
    "Blueberry",
    "Tobacco",
    "Woody"
  ],
  "lineage": [],
  "medical": [
    "Stress",
    "Pain",
    "Depression"
  ],
  "terpenes": [],
  "grow_info": {
    "yield": "medium",
    "height": "medium",
    "difficulty": "easy",
    "flowering_time_weeks": null
  },
  "cbd_percent": 14,
  "description": "TJ’s CBD is a high-CBD strain that is bred by TJ’s Organic Garden in Washington State. Its subtle and mellow flavor profile is led by a skunky aroma and produces a sense of calm physical relaxation without clouding the mind.",
  "thc_percent": 0,
  "rating_count": 22,
  "average_rating": 4.4,
  "classification": "Hybrid"
}