{
  "url": "https://www.leafly.com/strains/too-cool",
  "name": "Too Cool",
  "awards": [],
  "effects": [
    "Energetic",
    "Talkative",
    "Focused"
  ],
  "flavors": [
    "Ammonia",
    "Chemical",
    "Berry"
  ],
  "lineage": [
    "Runtz",
    "Scotty 2 Hotty"
  ],
  "medical": [
    "Anxiety",
    "Arthritis",
    "Lack of appetite"
  ],
  "terpenes": [],
  "grow_info": {
    "yield": "medium",
    "height": "medium",
    "difficulty": "moderate",
    "flowering_time_weeks": null
  },
  "cbd_percent": null,
  "description": "Too Cool is a 2022 strain from Exotic Genetix, crossing Runtz x Scotty 2 Hotty. Exotix Genetix Mike planned to move on from breeding with Runtz after releasing this line of Scotty 2 Hotty crosses.",
  "thc_percent": null,
  "rating_count": 5,
  "average_rating": 4,
  "classification": "Hybrid"
}