{
  "name": "Tropic Thunder",
  "url": "https://www.leafly.com/strains/tropic-thunder",
  "classification": "Hybrid",
  "thc_percent": 19,
  "cbd_percent": null,
  "effects": [
    "Energetic",
    "Focused",
    "Giggly"
  ],
  "flavors": [
    "Tropical",
    "Mango",
    "Pineapple"
  ],
  "medical": [
    "Anxiety",
    "Stress",
    "Depression"
  ],
  "terpenes": [
    "Myrcene",
    "Limonene",
    "Pinene"
  ],
  "grow_info": {
    "difficulty": "moderate",
    "flowering_time_weeks": null,
    "yield": "medium",
    "height": "medium"
  },
  "lineage": [
    "Maui Wowie"
  ],
  "awards": [],
  "average_rating": 4.4,
  "rating_count": 83,
  "description": "Tropic Thunder is a mysterious Maui Wowie cross that exhibits colorful buds and floral aromas. The strain’s moderate potency makes it suitable for consumption any time of the day, offering a mellow and manageable buzz that elevates the mood and alleviates stress. Its floral aroma transforms into a bitter, herbaceous mixture of flavors upon combustion or vaporization. Tropic Thunder has been used for a variety of ailments, but excels when contending with depression, inflammation, and muscle spasms."
}