{
  "url": "https://www.leafly.com/strains/tropical-breeze",
  "name": "Tropical Breeze",
  "awards": [],
  "effects": [
    "Creative",
    "Euphoric",
    "Focused"
  ],
  "flavors": [],
  "lineage": [],
  "medical": [
    "Anxiety",
    "Depression",
    "Stress"
  ],
  "terpenes": [],
  "grow_info": {
    "yield": "",
    "height": "",
    "difficulty": "",
    "flowering_time_weeks": null
  },
  "cbd_percent": null,
  "description": "Tropical Breeze effects are mostly calming.",
  "thc_percent": null,
  "rating_count": 2,
  "average_rating": 4.5,
  "classification": "Hybrid"
}