{
  "url": "https://www.leafly.com/strains/viper-cookies",
  "name": "Viper Cookies",
  "awards": [],
  "effects": [
    "Tingly",
    "Relaxed",
    "Euphoric"
  ],
  "flavors": [
    "Chemical",
    "Blueberry",
    "Berry"
  ],
  "lineage": [
    "Girl Scout Cookies",
    "Viper"
  ],
  "medical": [
    "Depression",
    "Pain",
    "Stress"
  ],
  "terpenes": [
    "Caryophyllene",
    "Myrcene",
    "Limonene"
  ],
  "grow_info": {
    "yield": "medium",
    "height": "medium",
    "difficulty": "moderate",
    "flowering_time_weeks": null
  },
  "cbd_percent": null,
  "description": "Viper Cookies is an indica-dominant hybrid marijuana strain made by crossing Girl Scout Cookies with Viper. This strain is extremely potent and best reserved for experienced cannabis consumers. Smoking Viper Cookies produces instantaneous effects that lift your spirits and erase worry. You'll feel relaxed, blissful, and even a bit tingly in all the right places. In small doses, this strain is ideal after a long day when you want to unwind. In large doses, Viper Cookies may sedate you and leave you locked to your sofa. In terms of negative effects, some consumers say this strain may give you a serious case of cottonmouth, so plan on keeping water handy while you partake. Medical marijuana patients choose this strain to help relieve symptoms associated with insomnia, stress, depression, and anxiety. Viper Cookies features a tasty flavor profile that is sweet, spicy, and fruity with herbal undertones. Viper Cookies was originally bred by Moxie 710.",
  "thc_percent": 18,
  "rating_count": 28,
  "average_rating": 4.5,
  "classification": "Hybrid"
}