{
  "url": "https://www.leafly.com/strains/white-papaya",
  "name": "White Papaya",
  "awards": [],
  "effects": [
    "aroused",
    "uplifted",
    "focused"
  ],
  "flavors": [
    "mango",
    "nutty",
    "earthy"
  ],
  "lineage": [
    "The White",
    "Papaya"
  ],
  "medical": [
    "pain",
    "migraines",
    "cramps"
  ],
  "terpenes": [
    "limonene",
    "myrcene",
    "caryophyllene"
  ],
  "grow_info": {
    "yield": "medium",
    "height": "medium",
    "difficulty": "moderate",
    "flowering_time_weeks": null
  },
  "cbd_percent": null,
  "description": "White Papaya is a hybrid weed strain made from a genetic cross between The White and Papaya. Bred by Oni Seed Company, White Papaya is 26% THC, making this strain an ideal choice for experienced cannabis consumers. Leafly customers tell us White Papaya effects make them feel focused, uplifted, and aroused. Medical marijuana patients often choose White Papaya when dealing with symptoms associated with depression, fatigue, and cramps. The dominant terpene of this cannabis strain is limonene. White Papaya features an aroma and flavor profile of nutty honey and mango.",
  "thc_percent": 26,
  "rating_count": 15,
  "average_rating": 4.5,
  "classification": "Hybrid"
}