{
  "url": "https://www.leafly.com/strains/willie-nelson",
  "name": "Willie Nelson",
  "awards": [
    "2005 High Times Cannabis Cup"
  ],
  "effects": [
    "Creative",
    "Uplifted",
    "Euphoric"
  ],
  "flavors": [
    "Earthy",
    "Pepper",
    "Woody"
  ],
  "lineage": [
    "Nepalese",
    "South Asian Sativa"
  ],
  "medical": [
    "Stress",
    "Depression",
    "Anxiety"
  ],
  "terpenes": [
    "Terpinolene",
    "Myrcene",
    "Limonene"
  ],
  "grow_info": {
    "yield": "medium",
    "height": "medium",
    "difficulty": "moderate",
    "flowering_time_weeks": null
  },
  "cbd_percent": null,
  "description": "Willie Nelson is a mostly sativa cannabis strain that is lauded for its euphoric, creative effects. Winner of the 2005 High Times Cannabis Cup in the sativa category, Willie Nelson has a fan base to rival its namesake’s. Consumers love that this strain leaves them clear-headed, allowing them to perform artistic or social activities.",
  "thc_percent": 16,
  "rating_count": 138,
  "average_rating": 4.3,
  "classification": "Sativa"
}