{
  "url": "https://www.leafly.com/strains/ztrawberriez-auto",
  "name": "Ztrawberriez Auto",
  "awards": [
    "Best Sativa at the 2024 American Autoflower Cup"
  ],
  "effects": [
    "Tingly",
    "Energetic",
    "Giggly"
  ],
  "flavors": [
    "Strawberry",
    "Berry",
    "Blue Cheese"
  ],
  "lineage": [
    "Fast Buds"
  ],
  "medical": [
    "Anxiety",
    "Depression",
    "Stress"
  ],
  "terpenes": [],
  "grow_info": {
    "yield": "high",
    "height": "medium",
    "difficulty": "easy",
    "flowering_time_weeks": null
  },
  "cbd_percent": 1,
  "description": "Ztrawberriez Auto is a hybrid autoflowering strain bred by Fast Buds. This is a resilient, fast-flowering, and abundant strain with copious resin production for concentrates and dense buds that shine in shades of green with thick orange hairs. Ztrawberriez Auto has a pungent strawberries and cream aroma with the flavor to match, and balanced effects of cerebral buzz and body tingles. It won Best Sativa at the 2024 American Autoflower Cup.",
  "thc_percent": 25,
  "rating_count": 35,
  "average_rating": 4.9,
  "classification": "Hybrid"
}